id,git_hash,experiment_filestore,experiment,fuzzer,benchmark,time_started,time_ended,trial_id,time,edges_covered,fuzzer_stats,crash_key,bugs_covered,corpusNr,sancov_file
0,0,/not/relevant,exp-2022-06-02-04-57-52-miner-bloaty,aflplusplus_ast_o3_native,bloaty_fuzz_target,2022-05-27 04:39:42,2022-05-27 08:49:44,253,900,7817,,,0,1,/home/b/bdata-unsync/ast-fuzz/miner/miner-experiment-data/sancov_util_results/exp-2022-06-02-04-57-52-miner-bloaty/sancov__exp-2022-06-02-04-57-52-miner-bloaty__bloaty_fuzz_target__aflplusplus_ast_o3_native__trial-253__1.sancov
0,0,/not/relevant,exp-2022-06-02-04-57-52-miner-bloaty,aflplusplus_ast_o3_native,bloaty_fuzz_target,2022-05-27 04:39:42,2022-05-27 08:49:44,253,15300,7817,,,0,17,/home/b/bdata-unsync/ast-fuzz/miner/miner-experiment-data/sancov_util_results/exp-2022-06-02-04-57-52-miner-bloaty/sancov__exp-2022-06-02-04-57-52-miner-bloaty__bloaty_fuzz_target__aflplusplus_ast_o3_native__trial-253__17.sancov
0,0,/not/relevant,exp-2022-06-02-04-57-52-miner-bloaty,aflplusplus_ast_o3_native,bloaty_fuzz_target,2022-05-27 04:39:42,2022-05-27 08:49:44,254,900,8410,,,0,1,/home/b/bdata-unsync/ast-fuzz/miner/miner-experiment-data/sancov_util_results/exp-2022-06-02-04-57-52-miner-bloaty/sancov__exp-2022-06-02-04-57-52-miner-bloaty__bloaty_fuzz_target__aflplusplus_ast_o3_native__trial-254__1.sancov
0,0,/not/relevant,exp-2022-06-02-04-57-52-miner-bloaty,aflplusplus_ast_o3_native,bloaty_fuzz_target,2022-05-27 04:39:42,2022-05-27 08:49:44,254,1800,8410,,,0,2,/home/b/bdata-unsync/ast-fuzz/miner/miner-experiment-data/sancov_util_results/exp-2022-06-02-04-57-52-miner-bloaty/sancov__exp-2022-06-02-04-57-52-miner-bloaty__bloaty_fuzz_target__aflplusplus_ast_o3_native__trial-254__2.sancov
0,0,/not/relevant,exp-2022-06-02-04-57-52-miner-bloaty,aflplusplus_ast_o3_native,bloaty_fuzz_target,2022-05-27 04:39:42,2022-05-27 08:49:44,254,2700,8411,,,0,3,/home/b/bdata-unsync/ast-fuzz/miner/miner-experiment-data/sancov_util_results/exp-2022-06-02-04-57-52-miner-bloaty/sancov__exp-2022-06-02-04-57-52-miner-bloaty__bloaty_fuzz_target__aflplusplus_ast_o3_native__trial-254__3.sancov
0,0,/not/relevant,exp-2022-06-02-04-57-52-miner-bloaty,aflplusplus_ast_o3_native,bloaty_fuzz_target,2022-05-27 04:39:42,2022-05-27 08:49:44,254,7200,8416,,,0,8,/home/b/bdata-unsync/ast-fuzz/miner/miner-experiment-data/sancov_util_results/exp-2022-06-02-04-57-52-miner-bloaty/sancov__exp-2022-06-02-04-57-52-miner-bloaty__bloaty_fuzz_target__aflplusplus_ast_o3_native__trial-254__8.sancov
0,0,/not/relevant,exp-2022-06-02-04-57-52-miner-bloaty,aflplusplus_ast_o3_native,bloaty_fuzz_target,2022-05-27 04:39:42,2022-05-27 08:49:44,254,8100,8594,,,0,9,/home/b/bdata-unsync/ast-fuzz/miner/miner-experiment-data/sancov_util_results/exp-2022-06-02-04-57-52-miner-bloaty/sancov__exp-2022-06-02-04-57-52-miner-bloaty__bloaty_fuzz_target__aflplusplus_ast_o3_native__trial-254__9.sancov
0,0,/not/relevant,exp-2022-06-02-04-57-52-miner-bloaty,aflplusplus_ast_o3_native,bloaty_fuzz_target,2022-05-27 04:39:42,2022-05-27 08:49:44,254,9000,8594,,,0,10,/home/b/bdata-unsync/ast-fuzz/miner/miner-experiment-data/sancov_util_results/exp-2022-06-02-04-57-52-miner-bloaty/sancov__exp-2022-06-02-04-57-52-miner-bloaty__bloaty_fuzz_target__aflplusplus_ast_o3_native__trial-254__10.sancov
0,0,/not/relevant,exp-2022-06-02-04-57-52-miner-bloaty,aflplusplus_ast_o3_native,bloaty_fuzz_target,2022-05-27 04:39:42,2022-05-27 08:49:44,254,10800,8594,,,0,12,/home/b/bdata-unsync/ast-fuzz/miner/miner-experiment-data/sancov_util_results/exp-2022-06-02-04-57-52-miner-bloaty/sancov__exp-2022-06-02-04-57-52-miner-bloaty__bloaty_fuzz_target__aflplusplus_ast_o3_native__trial-254__12.sancov
0,0,/not/relevant,exp-2022-06-02-04-57-52-miner-bloaty,aflplusplus_ast_o3_native,bloaty_fuzz_target,2022-05-27 04:39:42,2022-05-27 08:49:44,254,11700,8594,,,0,13,/home/b/bdata-unsync/ast-fuzz/miner/miner-experiment-data/sancov_util_results/exp-2022-06-02-04-57-52-miner-bloaty/sancov__exp-2022-06-02-04-57-52-miner-bloaty__bloaty_fuzz_target__aflplusplus_ast_o3_native__trial-254__13.sancov
0,0,/not/relevant,exp-2022-06-02-04-57-52-miner-bloaty,aflplusplus_ast_o3_native,bloaty_fuzz_target,2022-05-27 04:39:42,2022-05-27 08:49:44,254,13500,8594,,,0,15,/home/b/bdata-unsync/ast-fuzz/miner/miner-experiment-data/sancov_util_results/exp-2022-06-02-04-57-52-miner-bloaty/sancov__exp-2022-06-02-04-57-52-miner-bloaty__bloaty_fuzz_target__aflplusplus_ast_o3_native__trial-254__15.sancov
0,0,/not/relevant,exp-2022-06-02-04-57-52-miner-bloaty,aflplusplus_ast_o3_native,bloaty_fuzz_target,2022-05-27 04:39:42,2022-05-27 08:49:44,254,15300,8594,,,0,17,/home/b/bdata-unsync/ast-fuzz/miner/miner-experiment-data/sancov_util_results/exp-2022-06-02-04-57-52-miner-bloaty/sancov__exp-2022-06-02-04-57-52-miner-bloaty__bloaty_fuzz_target__aflplusplus_ast_o3_native__trial-254__17.sancov
0,0,/not/relevant,exp-2022-06-02-04-57-52-miner-bloaty,aflplusplus_ast_o3_native,bloaty_fuzz_target,2022-05-27 04:39:42,2022-05-27 08:49:44,255,900,8350,,,0,1,/home/b/bdata-unsync/ast-fuzz/miner/miner-experiment-data/sancov_util_results/exp-2022-06-02-04-57-52-miner-bloaty/sancov__exp-2022-06-02-04-57-52-miner-bloaty__bloaty_fuzz_target__aflplusplus_ast_o3_native__trial-255__1.sancov
0,0,/not/relevant,exp-2022-06-02-04-57-52-miner-bloaty,aflplusplus_ast_o3_native,bloaty_fuzz_target,2022-05-27 04:39:42,2022-05-27 08:49:44,255,1800,8350,,,0,2,/home/b/bdata-unsync/ast-fuzz/miner/miner-experiment-data/sancov_util_results/exp-2022-06-02-04-57-52-miner-bloaty/sancov__exp-2022-06-02-04-57-52-miner-bloaty__bloaty_fuzz_target__aflplusplus_ast_o3_native__trial-255__2.sancov
0,0,/not/relevant,exp-2022-06-02-04-57-52-miner-bloaty,aflplusplus_ast_o3_native,bloaty_fuzz_target,2022-05-27 04:39:42,2022-05-27 08:49:44,255,8100,8352,,,0,9,/home/b/bdata-unsync/ast-fuzz/miner/miner-experiment-data/sancov_util_results/exp-2022-06-02-04-57-52-miner-bloaty/sancov__exp-2022-06-02-04-57-52-miner-bloaty__bloaty_fuzz_target__aflplusplus_ast_o3_native__trial-255__9.sancov
0,0,/not/relevant,exp-2022-06-02-04-57-52-miner-bloaty,aflplusplus_ast_o3_native,bloaty_fuzz_target,2022-05-27 04:39:42,2022-05-27 08:49:44,255,15300,8352,,,0,17,/home/b/bdata-unsync/ast-fuzz/miner/miner-experiment-data/sancov_util_results/exp-2022-06-02-04-57-52-miner-bloaty/sancov__exp-2022-06-02-04-57-52-miner-bloaty__bloaty_fuzz_target__aflplusplus_ast_o3_native__trial-255__17.sancov
0,0,/not/relevant,exp-2022-06-02-04-57-52-miner-bloaty,aflplusplus_ast_opt_disable,bloaty_fuzz_target,2022-05-27 04:39:42,2022-05-27 08:49:44,250,900,9125,,,0,1,/home/b/bdata-unsync/ast-fuzz/miner/miner-experiment-data/sancov_util_results/exp-2022-06-02-04-57-52-miner-bloaty/sancov__exp-2022-06-02-04-57-52-miner-bloaty__bloaty_fuzz_target__aflplusplus_ast_opt_disable__trial-250__1.sancov
0,0,/not/relevant,exp-2022-06-02-04-57-52-miner-bloaty,aflplusplus_ast_opt_disable,bloaty_fuzz_target,2022-05-27 04:39:42,2022-05-27 08:49:44,250,1800,9265,,,0,2,/home/b/bdata-unsync/ast-fuzz/miner/miner-experiment-data/sancov_util_results/exp-2022-06-02-04-57-52-miner-bloaty/sancov__exp-2022-06-02-04-57-52-miner-bloaty__bloaty_fuzz_target__aflplusplus_ast_opt_disable__trial-250__2.sancov
0,0,/not/relevant,exp-2022-06-02-04-57-52-miner-bloaty,aflplusplus_ast_opt_disable,bloaty_fuzz_target,2022-05-27 04:39:42,2022-05-27 08:49:44,250,2700,9306,,,0,3,/home/b/bdata-unsync/ast-fuzz/miner/miner-experiment-data/sancov_util_results/exp-2022-06-02-04-57-52-miner-bloaty/sancov__exp-2022-06-02-04-57-52-miner-bloaty__bloaty_fuzz_target__aflplusplus_ast_opt_disable__trial-250__3.sancov
0,0,/not/relevant,exp-2022-06-02-04-57-52-miner-bloaty,aflplusplus_ast_opt_disable,bloaty_fuzz_target,2022-05-27 04:39:42,2022-05-27 08:49:44,250,3600,9608,,,0,4,/home/b/bdata-unsync/ast-fuzz/miner/miner-experiment-data/sancov_util_results/exp-2022-06-02-04-57-52-miner-bloaty/sancov__exp-2022-06-02-04-57-52-miner-bloaty__bloaty_fuzz_target__aflplusplus_ast_opt_disable__trial-250__4.sancov
0,0,/not/relevant,exp-2022-06-02-04-57-52-miner-bloaty,aflplusplus_ast_opt_disable,bloaty_fuzz_target,2022-05-27 04:39:42,2022-05-27 08:49:44,250,4500,9645,,,0,5,/home/b/bdata-unsync/ast-fuzz/miner/miner-experiment-data/sancov_util_results/exp-2022-06-02-04-57-52-miner-bloaty/sancov__exp-2022-06-02-04-57-52-miner-bloaty__bloaty_fuzz_target__aflplusplus_ast_opt_disable__trial-250__5.sancov
0,0,/not/relevant,exp-2022-06-02-04-57-52-miner-bloaty,aflplusplus_ast_opt_disable,bloaty_fuzz_target,2022-05-27 04:39:42,2022-05-27 08:49:44,250,5400,9731,,,0,6,/home/b/bdata-unsync/ast-fuzz/miner/miner-experiment-data/sancov_util_results/exp-2022-06-02-04-57-52-miner-bloaty/sancov__exp-2022-06-02-04-57-52-miner-bloaty__bloaty_fuzz_target__aflplusplus_ast_opt_disable__trial-250__6.sancov
0,0,/not/relevant,exp-2022-06-02-04-57-52-miner-bloaty,aflplusplus_ast_opt_disable,bloaty_fuzz_target,2022-05-27 04:39:42,2022-05-27 08:49:44,250,6300,9851,,,0,7,/home/b/bdata-unsync/ast-fuzz/miner/miner-experiment-data/sancov_util_results/exp-2022-06-02-04-57-52-miner-bloaty/sancov__exp-2022-06-02-04-57-52-miner-bloaty__bloaty_fuzz_target__aflplusplus_ast_opt_disable__trial-250__7.sancov
0,0,/not/relevant,exp-2022-06-02-04-57-52-miner-bloaty,aflplusplus_ast_opt_disable,bloaty_fuzz_target,2022-05-27 04:39:42,2022-05-27 08:49:44,250,7200,9947,,,0,8,/home/b/bdata-unsync/ast-fuzz/miner/miner-experiment-data/sancov_util_results/exp-2022-06-02-04-57-52-miner-bloaty/sancov__exp-2022-06-02-04-57-52-miner-bloaty__bloaty_fuzz_target__aflplusplus_ast_opt_disable__trial-250__8.sancov
0,0,/not/relevant,exp-2022-06-02-04-57-52-miner-bloaty,aflplusplus_ast_opt_disable,bloaty_fuzz_target,2022-05-27 04:39:42,2022-05-27 08:49:44,250,8100,9987,,,0,9,/home/b/bdata-unsync/ast-fuzz/miner/miner-experiment-data/sancov_util_results/exp-2022-06-02-04-57-52-miner-bloaty/sancov__exp-2022-06-02-04-57-52-miner-bloaty__bloaty_fuzz_target__aflplusplus_ast_opt_disable__trial-250__9.sancov
0,0,/not/relevant,exp-2022-06-02-04-57-52-miner-bloaty,aflplusplus_ast_opt_disable,bloaty_fuzz_target,2022-05-27 04:39:42,2022-05-27 08:49:44,250,9000,9998,,,0,10,/home/b/bdata-unsync/ast-fuzz/miner/miner-experiment-data/sancov_util_results/exp-2022-06-02-04-57-52-miner-bloaty/sancov__exp-2022-06-02-04-57-52-miner-bloaty__bloaty_fuzz_target__aflplusplus_ast_opt_disable__trial-250__10.sancov
0,0,/not/relevant,exp-2022-06-02-04-57-52-miner-bloaty,aflplusplus_ast_opt_disable,bloaty_fuzz_target,2022-05-27 04:39:42,2022-05-27 08:49:44,250,9900,10006,,,0,11,/home/b/bdata-unsync/ast-fuzz/miner/miner-experiment-data/sancov_util_results/exp-2022-06-02-04-57-52-miner-bloaty/sancov__exp-2022-06-02-04-57-52-miner-bloaty__bloaty_fuzz_target__aflplusplus_ast_opt_disable__trial-250__11.sancov
0,0,/not/relevant,exp-2022-06-02-04-57-52-miner-bloaty,aflplusplus_ast_opt_disable,bloaty_fuzz_target,2022-05-27 04:39:42,2022-05-27 08:49:44,250,10800,10034,,,0,12,/home/b/bdata-unsync/ast-fuzz/miner/miner-experiment-data/sancov_util_results/exp-2022-06-02-04-57-52-miner-bloaty/sancov__exp-2022-06-02-04-57-52-miner-bloaty__bloaty_fuzz_target__aflplusplus_ast_opt_disable__trial-250__12.sancov
0,0,/not/relevant,exp-2022-06-02-04-57-52-miner-bloaty,aflplusplus_ast_opt_disable,bloaty_fuzz_target,2022-05-27 04:39:42,2022-05-27 08:49:44,250,11700,10072,,,0,13,/home/b/bdata-unsync/ast-fuzz/miner/miner-experiment-data/sancov_util_results/exp-2022-06-02-04-57-52-miner-bloaty/sancov__exp-2022-06-02-04-57-52-miner-bloaty__bloaty_fuzz_target__aflplusplus_ast_opt_disable__trial-250__13.sancov
0,0,/not/relevant,exp-2022-06-02-04-57-52-miner-bloaty,aflplusplus_ast_opt_disable,bloaty_fuzz_target,2022-05-27 04:39:42,2022-05-27 08:49:44,250,12600,10074,,,0,14,/home/b/bdata-unsync/ast-fuzz/miner/miner-experiment-data/sancov_util_results/exp-2022-06-02-04-57-52-miner-bloaty/sancov__exp-2022-06-02-04-57-52-miner-bloaty__bloaty_fuzz_target__aflplusplus_ast_opt_disable__trial-250__14.sancov
0,0,/not/relevant,exp-2022-06-02-04-57-52-miner-bloaty,aflplusplus_ast_opt_disable,bloaty_fuzz_target,2022-05-27 04:39:42,2022-05-27 08:49:44,250,13500,10090,,,0,15,/home/b/bdata-unsync/ast-fuzz/miner/miner-experiment-data/sancov_util_results/exp-2022-06-02-04-57-52-miner-bloaty/sancov__exp-2022-06-02-04-57-52-miner-bloaty__bloaty_fuzz_target__aflplusplus_ast_opt_disable__trial-250__15.sancov
0,0,/not/relevant,exp-2022-06-02-04-57-52-miner-bloaty,aflplusplus_ast_opt_disable,bloaty_fuzz_target,2022-05-27 04:39:42,2022-05-27 08:49:44,250,14400,10290,,,0,16,/home/b/bdata-unsync/ast-fuzz/miner/miner-experiment-data/sancov_util_results/exp-2022-06-02-04-57-52-miner-bloaty/sancov__exp-2022-06-02-04-57-52-miner-bloaty__bloaty_fuzz_target__aflplusplus_ast_opt_disable__trial-250__16.sancov
0,0,/not/relevant,exp-2022-06-02-04-57-52-miner-bloaty,aflplusplus_ast_opt_disable,bloaty_fuzz_target,2022-05-27 04:39:42,2022-05-27 08:49:44,250,15300,10290,,,0,17,/home/b/bdata-unsync/ast-fuzz/miner/miner-experiment-data/sancov_util_results/exp-2022-06-02-04-57-52-miner-bloaty/sancov__exp-2022-06-02-04-57-52-miner-bloaty__bloaty_fuzz_target__aflplusplus_ast_opt_disable__trial-250__17.sancov
0,0,/not/relevant,exp-2022-06-02-04-57-52-miner-bloaty,aflplusplus_ast_opt_disable,bloaty_fuzz_target,2022-05-27 04:39:42,2022-05-27 08:49:44,251,900,9082,,,0,1,/home/b/bdata-unsync/ast-fuzz/miner/miner-experiment-data/sancov_util_results/exp-2022-06-02-04-57-52-miner-bloaty/sancov__exp-2022-06-02-04-57-52-miner-bloaty__bloaty_fuzz_target__aflplusplus_ast_opt_disable__trial-251__1.sancov
0,0,/not/relevant,exp-2022-06-02-04-57-52-miner-bloaty,aflplusplus_ast_opt_disable,bloaty_fuzz_target,2022-05-27 04:39:42,2022-05-27 08:49:44,251,1800,9683,,,0,2,/home/b/bdata-unsync/ast-fuzz/miner/miner-experiment-data/sancov_util_results/exp-2022-06-02-04-57-52-miner-bloaty/sancov__exp-2022-06-02-04-57-52-miner-bloaty__bloaty_fuzz_target__aflplusplus_ast_opt_disable__trial-251__2.sancov
0,0,/not/relevant,exp-2022-06-02-04-57-52-miner-bloaty,aflplusplus_ast_opt_disable,bloaty_fuzz_target,2022-05-27 04:39:42,2022-05-27 08:49:44,251,2700,9705,,,0,3,/home/b/bdata-unsync/ast-fuzz/miner/miner-experiment-data/sancov_util_results/exp-2022-06-02-04-57-52-miner-bloaty/sancov__exp-2022-06-02-04-57-52-miner-bloaty__bloaty_fuzz_target__aflplusplus_ast_opt_disable__trial-251__3.sancov
0,0,/not/relevant,exp-2022-06-02-04-57-52-miner-bloaty,aflplusplus_ast_opt_disable,bloaty_fuzz_target,2022-05-27 04:39:42,2022-05-27 08:49:44,251,3600,9728,,,0,4,/home/b/bdata-unsync/ast-fuzz/miner/miner-experiment-data/sancov_util_results/exp-2022-06-02-04-57-52-miner-bloaty/sancov__exp-2022-06-02-04-57-52-miner-bloaty__bloaty_fuzz_target__aflplusplus_ast_opt_disable__trial-251__4.sancov
0,0,/not/relevant,exp-2022-06-02-04-57-52-miner-bloaty,aflplusplus_ast_opt_disable,bloaty_fuzz_target,2022-05-27 04:39:42,2022-05-27 08:49:44,251,4500,9789,,,0,5,/home/b/bdata-unsync/ast-fuzz/miner/miner-experiment-data/sancov_util_results/exp-2022-06-02-04-57-52-miner-bloaty/sancov__exp-2022-06-02-04-57-52-miner-bloaty__bloaty_fuzz_target__aflplusplus_ast_opt_disable__trial-251__5.sancov
0,0,/not/relevant,exp-2022-06-02-04-57-52-miner-bloaty,aflplusplus_ast_opt_disable,bloaty_fuzz_target,2022-05-27 04:39:42,2022-05-27 08:49:44,251,5400,9840,,,0,6,/home/b/bdata-unsync/ast-fuzz/miner/miner-experiment-data/sancov_util_results/exp-2022-06-02-04-57-52-miner-bloaty/sancov__exp-2022-06-02-04-57-52-miner-bloaty__bloaty_fuzz_target__aflplusplus_ast_opt_disable__trial-251__6.sancov
0,0,/not/relevant,exp-2022-06-02-04-57-52-miner-bloaty,aflplusplus_ast_opt_disable,bloaty_fuzz_target,2022-05-27 04:39:42,2022-05-27 08:49:44,251,6300,9865,,,0,7,/home/b/bdata-unsync/ast-fuzz/miner/miner-experiment-data/sancov_util_results/exp-2022-06-02-04-57-52-miner-bloaty/sancov__exp-2022-06-02-04-57-52-miner-bloaty__bloaty_fuzz_target__aflplusplus_ast_opt_disable__trial-251__7.sancov
0,0,/not/relevant,exp-2022-06-02-04-57-52-miner-bloaty,aflplusplus_ast_opt_disable,bloaty_fuzz_target,2022-05-27 04:39:42,2022-05-27 08:49:44,251,7200,9873,,,0,8,/home/b/bdata-unsync/ast-fuzz/miner/miner-experiment-data/sancov_util_results/exp-2022-06-02-04-57-52-miner-bloaty/sancov__exp-2022-06-02-04-57-52-miner-bloaty__bloaty_fuzz_target__aflplusplus_ast_opt_disable__trial-251__8.sancov
0,0,/not/relevant,exp-2022-06-02-04-57-52-miner-bloaty,aflplusplus_ast_opt_disable,bloaty_fuzz_target,2022-05-27 04:39:42,2022-05-27 08:49:44,251,8100,9894,,,0,9,/home/b/bdata-unsync/ast-fuzz/miner/miner-experiment-data/sancov_util_results/exp-2022-06-02-04-57-52-miner-bloaty/sancov__exp-2022-06-02-04-57-52-miner-bloaty__bloaty_fuzz_target__aflplusplus_ast_opt_disable__trial-251__9.sancov
0,0,/not/relevant,exp-2022-06-02-04-57-52-miner-bloaty,aflplusplus_ast_opt_disable,bloaty_fuzz_target,2022-05-27 04:39:42,2022-05-27 08:49:44,251,9000,9900,,,0,10,/home/b/bdata-unsync/ast-fuzz/miner/miner-experiment-data/sancov_util_results/exp-2022-06-02-04-57-52-miner-bloaty/sancov__exp-2022-06-02-04-57-52-miner-bloaty__bloaty_fuzz_target__aflplusplus_ast_opt_disable__trial-251__10.sancov
0,0,/not/relevant,exp-2022-06-02-04-57-52-miner-bloaty,aflplusplus_ast_opt_disable,bloaty_fuzz_target,2022-05-27 04:39:42,2022-05-27 08:49:44,251,9900,9919,,,0,11,/home/b/bdata-unsync/ast-fuzz/miner/miner-experiment-data/sancov_util_results/exp-2022-06-02-04-57-52-miner-bloaty/sancov__exp-2022-06-02-04-57-52-miner-bloaty__bloaty_fuzz_target__aflplusplus_ast_opt_disable__trial-251__11.sancov
0,0,/not/relevant,exp-2022-06-02-04-57-52-miner-bloaty,aflplusplus_ast_opt_disable,bloaty_fuzz_target,2022-05-27 04:39:42,2022-05-27 08:49:44,251,10800,10117,,,0,12,/home/b/bdata-unsync/ast-fuzz/miner/miner-experiment-data/sancov_util_results/exp-2022-06-02-04-57-52-miner-bloaty/sancov__exp-2022-06-02-04-57-52-miner-bloaty__bloaty_fuzz_target__aflplusplus_ast_opt_disable__trial-251__12.sancov
0,0,/not/relevant,exp-2022-06-02-04-57-52-miner-bloaty,aflplusplus_ast_opt_disable,bloaty_fuzz_target,2022-05-27 04:39:42,2022-05-27 08:49:44,251,11700,10140,,,0,13,/home/b/bdata-unsync/ast-fuzz/miner/miner-experiment-data/sancov_util_results/exp-2022-06-02-04-57-52-miner-bloaty/sancov__exp-2022-06-02-04-57-52-miner-bloaty__bloaty_fuzz_target__aflplusplus_ast_opt_disable__trial-251__13.sancov
0,0,/not/relevant,exp-2022-06-02-04-57-52-miner-bloaty,aflplusplus_ast_opt_disable,bloaty_fuzz_target,2022-05-27 04:39:42,2022-05-27 08:49:44,251,12600,10177,,,0,14,/home/b/bdata-unsync/ast-fuzz/miner/miner-experiment-data/sancov_util_results/exp-2022-06-02-04-57-52-miner-bloaty/sancov__exp-2022-06-02-04-57-52-miner-bloaty__bloaty_fuzz_target__aflplusplus_ast_opt_disable__trial-251__14.sancov
0,0,/not/relevant,exp-2022-06-02-04-57-52-miner-bloaty,aflplusplus_ast_opt_disable,bloaty_fuzz_target,2022-05-27 04:39:42,2022-05-27 08:49:44,251,13500,10209,,,0,15,/home/b/bdata-unsync/ast-fuzz/miner/miner-experiment-data/sancov_util_results/exp-2022-06-02-04-57-52-miner-bloaty/sancov__exp-2022-06-02-04-57-52-miner-bloaty__bloaty_fuzz_target__aflplusplus_ast_opt_disable__trial-251__15.sancov
0,0,/not/relevant,exp-2022-06-02-04-57-52-miner-bloaty,aflplusplus_ast_opt_disable,bloaty_fuzz_target,2022-05-27 04:39:42,2022-05-27 08:49:44,251,14400,10209,,,0,16,/home/b/bdata-unsync/ast-fuzz/miner/miner-experiment-data/sancov_util_results/exp-2022-06-02-04-57-52-miner-bloaty/sancov__exp-2022-06-02-04-57-52-miner-bloaty__bloaty_fuzz_target__aflplusplus_ast_opt_disable__trial-251__16.sancov
0,0,/not/relevant,exp-2022-06-02-04-57-52-miner-bloaty,aflplusplus_ast_opt_disable,bloaty_fuzz_target,2022-05-27 04:39:42,2022-05-27 08:49:44,251,15300,10209,,,0,17,/home/b/bdata-unsync/ast-fuzz/miner/miner-experiment-data/sancov_util_results/exp-2022-06-02-04-57-52-miner-bloaty/sancov__exp-2022-06-02-04-57-52-miner-bloaty__bloaty_fuzz_target__aflplusplus_ast_opt_disable__trial-251__17.sancov
0,0,/not/relevant,exp-2022-06-02-04-57-52-miner-bloaty,aflplusplus_ast_opt_disable,bloaty_fuzz_target,2022-05-27 04:39:42,2022-05-27 08:49:44,252,900,9243,,,0,1,/home/b/bdata-unsync/ast-fuzz/miner/miner-experiment-data/sancov_util_results/exp-2022-06-02-04-57-52-miner-bloaty/sancov__exp-2022-06-02-04-57-52-miner-bloaty__bloaty_fuzz_target__aflplusplus_ast_opt_disable__trial-252__1.sancov
0,0,/not/relevant,exp-2022-06-02-04-57-52-miner-bloaty,aflplusplus_ast_opt_disable,bloaty_fuzz_target,2022-05-27 04:39:42,2022-05-27 08:49:44,252,1800,9667,,,0,2,/home/b/bdata-unsync/ast-fuzz/miner/miner-experiment-data/sancov_util_results/exp-2022-06-02-04-57-52-miner-bloaty/sancov__exp-2022-06-02-04-57-52-miner-bloaty__bloaty_fuzz_target__aflplusplus_ast_opt_disable__trial-252__2.sancov
0,0,/not/relevant,exp-2022-06-02-04-57-52-miner-bloaty,aflplusplus_ast_opt_disable,bloaty_fuzz_target,2022-05-27 04:39:42,2022-05-27 08:49:44,252,2700,9765,,,0,3,/home/b/bdata-unsync/ast-fuzz/miner/miner-experiment-data/sancov_util_results/exp-2022-06-02-04-57-52-miner-bloaty/sancov__exp-2022-06-02-04-57-52-miner-bloaty__bloaty_fuzz_target__aflplusplus_ast_opt_disable__trial-252__3.sancov
0,0,/not/relevant,exp-2022-06-02-04-57-52-miner-bloaty,aflplusplus_ast_opt_disable,bloaty_fuzz_target,2022-05-27 04:39:42,2022-05-27 08:49:44,252,3600,9788,,,0,4,/home/b/bdata-unsync/ast-fuzz/miner/miner-experiment-data/sancov_util_results/exp-2022-06-02-04-57-52-miner-bloaty/sancov__exp-2022-06-02-04-57-52-miner-bloaty__bloaty_fuzz_target__aflplusplus_ast_opt_disable__trial-252__4.sancov
0,0,/not/relevant,exp-2022-06-02-04-57-52-miner-bloaty,aflplusplus_ast_opt_disable,bloaty_fuzz_target,2022-05-27 04:39:42,2022-05-27 08:49:44,252,4500,10208,,,0,5,/home/b/bdata-unsync/ast-fuzz/miner/miner-experiment-data/sancov_util_results/exp-2022-06-02-04-57-52-miner-bloaty/sancov__exp-2022-06-02-04-57-52-miner-bloaty__bloaty_fuzz_target__aflplusplus_ast_opt_disable__trial-252__5.sancov
0,0,/not/relevant,exp-2022-06-02-04-57-52-miner-bloaty,aflplusplus_ast_opt_disable,bloaty_fuzz_target,2022-05-27 04:39:42,2022-05-27 08:49:44,252,5400,10253,,,0,6,/home/b/bdata-unsync/ast-fuzz/miner/miner-experiment-data/sancov_util_results/exp-2022-06-02-04-57-52-miner-bloaty/sancov__exp-2022-06-02-04-57-52-miner-bloaty__bloaty_fuzz_target__aflplusplus_ast_opt_disable__trial-252__6.sancov
0,0,/not/relevant,exp-2022-06-02-04-57-52-miner-bloaty,aflplusplus_ast_opt_disable,bloaty_fuzz_target,2022-05-27 04:39:42,2022-05-27 08:49:44,252,6300,10294,,,0,7,/home/b/bdata-unsync/ast-fuzz/miner/miner-experiment-data/sancov_util_results/exp-2022-06-02-04-57-52-miner-bloaty/sancov__exp-2022-06-02-04-57-52-miner-bloaty__bloaty_fuzz_target__aflplusplus_ast_opt_disable__trial-252__7.sancov
0,0,/not/relevant,exp-2022-06-02-04-57-52-miner-bloaty,aflplusplus_ast_opt_disable,bloaty_fuzz_target,2022-05-27 04:39:42,2022-05-27 08:49:44,252,7200,10383,,,0,8,/home/b/bdata-unsync/ast-fuzz/miner/miner-experiment-data/sancov_util_results/exp-2022-06-02-04-57-52-miner-bloaty/sancov__exp-2022-06-02-04-57-52-miner-bloaty__bloaty_fuzz_target__aflplusplus_ast_opt_disable__trial-252__8.sancov
0,0,/not/relevant,exp-2022-06-02-04-57-52-miner-bloaty,aflplusplus_ast_opt_disable,bloaty_fuzz_target,2022-05-27 04:39:42,2022-05-27 08:49:44,252,8100,10388,,,0,9,/home/b/bdata-unsync/ast-fuzz/miner/miner-experiment-data/sancov_util_results/exp-2022-06-02-04-57-52-miner-bloaty/sancov__exp-2022-06-02-04-57-52-miner-bloaty__bloaty_fuzz_target__aflplusplus_ast_opt_disable__trial-252__9.sancov
0,0,/not/relevant,exp-2022-06-02-04-57-52-miner-bloaty,aflplusplus_ast_opt_disable,bloaty_fuzz_target,2022-05-27 04:39:42,2022-05-27 08:49:44,252,9000,10418,,,0,10,/home/b/bdata-unsync/ast-fuzz/miner/miner-experiment-data/sancov_util_results/exp-2022-06-02-04-57-52-miner-bloaty/sancov__exp-2022-06-02-04-57-52-miner-bloaty__bloaty_fuzz_target__aflplusplus_ast_opt_disable__trial-252__10.sancov
0,0,/not/relevant,exp-2022-06-02-04-57-52-miner-bloaty,aflplusplus_ast_opt_disable,bloaty_fuzz_target,2022-05-27 04:39:42,2022-05-27 08:49:44,252,9900,10428,,,0,11,/home/b/bdata-unsync/ast-fuzz/miner/miner-experiment-data/sancov_util_results/exp-2022-06-02-04-57-52-miner-bloaty/sancov__exp-2022-06-02-04-57-52-miner-bloaty__bloaty_fuzz_target__aflplusplus_ast_opt_disable__trial-252__11.sancov
0,0,/not/relevant,exp-2022-06-02-04-57-52-miner-bloaty,aflplusplus_ast_opt_disable,bloaty_fuzz_target,2022-05-27 04:39:42,2022-05-27 08:49:44,252,10800,10481,,,0,12,/home/b/bdata-unsync/ast-fuzz/miner/miner-experiment-data/sancov_util_results/exp-2022-06-02-04-57-52-miner-bloaty/sancov__exp-2022-06-02-04-57-52-miner-bloaty__bloaty_fuzz_target__aflplusplus_ast_opt_disable__trial-252__12.sancov
0,0,/not/relevant,exp-2022-06-02-04-57-52-miner-bloaty,aflplusplus_ast_opt_disable,bloaty_fuzz_target,2022-05-27 04:39:42,2022-05-27 08:49:44,252,11700,10508,,,0,13,/home/b/bdata-unsync/ast-fuzz/miner/miner-experiment-data/sancov_util_results/exp-2022-06-02-04-57-52-miner-bloaty/sancov__exp-2022-06-02-04-57-52-miner-bloaty__bloaty_fuzz_target__aflplusplus_ast_opt_disable__trial-252__13.sancov
0,0,/not/relevant,exp-2022-06-02-04-57-52-miner-bloaty,aflplusplus_ast_opt_disable,bloaty_fuzz_target,2022-05-27 04:39:42,2022-05-27 08:49:44,252,12600,10555,,,0,14,/home/b/bdata-unsync/ast-fuzz/miner/miner-experiment-data/sancov_util_results/exp-2022-06-02-04-57-52-miner-bloaty/sancov__exp-2022-06-02-04-57-52-miner-bloaty__bloaty_fuzz_target__aflplusplus_ast_opt_disable__trial-252__14.sancov
0,0,/not/relevant,exp-2022-06-02-04-57-52-miner-bloaty,aflplusplus_ast_opt_disable,bloaty_fuzz_target,2022-05-27 04:39:42,2022-05-27 08:49:44,252,13500,10585,,,0,15,/home/b/bdata-unsync/ast-fuzz/miner/miner-experiment-data/sancov_util_results/exp-2022-06-02-04-57-52-miner-bloaty/sancov__exp-2022-06-02-04-57-52-miner-bloaty__bloaty_fuzz_target__aflplusplus_ast_opt_disable__trial-252__15.sancov
0,0,/not/relevant,exp-2022-06-02-04-57-52-miner-bloaty,aflplusplus_ast_opt_disable,bloaty_fuzz_target,2022-05-27 04:39:42,2022-05-27 08:49:44,252,14400,10615,,,0,16,/home/b/bdata-unsync/ast-fuzz/miner/miner-experiment-data/sancov_util_results/exp-2022-06-02-04-57-52-miner-bloaty/sancov__exp-2022-06-02-04-57-52-miner-bloaty__bloaty_fuzz_target__aflplusplus_ast_opt_disable__trial-252__16.sancov
0,0,/not/relevant,exp-2022-06-02-04-57-52-miner-bloaty,aflplusplus_ast_opt_disable,bloaty_fuzz_target,2022-05-27 04:39:42,2022-05-27 08:49:44,252,15300,10615,,,0,17,/home/b/bdata-unsync/ast-fuzz/miner/miner-experiment-data/sancov_util_results/exp-2022-06-02-04-57-52-miner-bloaty/sancov__exp-2022-06-02-04-57-52-miner-bloaty__bloaty_fuzz_target__aflplusplus_ast_opt_disable__trial-252__17.sancov
0,0,/not/relevant,exp-2022-06-02-04-57-52-miner-bloaty,aflplusplus_ast_opt_l1,bloaty_fuzz_target,2022-05-27 04:39:42,2022-05-27 08:49:44,256,900,9111,,,0,1,/home/b/bdata-unsync/ast-fuzz/miner/miner-experiment-data/sancov_util_results/exp-2022-06-02-04-57-52-miner-bloaty/sancov__exp-2022-06-02-04-57-52-miner-bloaty__bloaty_fuzz_target__aflplusplus_ast_opt_l1__trial-256__1.sancov
0,0,/not/relevant,exp-2022-06-02-04-57-52-miner-bloaty,aflplusplus_ast_opt_l1,bloaty_fuzz_target,2022-05-27 04:39:42,2022-05-27 08:49:44,256,1800,9236,,,0,2,/home/b/bdata-unsync/ast-fuzz/miner/miner-experiment-data/sancov_util_results/exp-2022-06-02-04-57-52-miner-bloaty/sancov__exp-2022-06-02-04-57-52-miner-bloaty__bloaty_fuzz_target__aflplusplus_ast_opt_l1__trial-256__2.sancov
0,0,/not/relevant,exp-2022-06-02-04-57-52-miner-bloaty,aflplusplus_ast_opt_l1,bloaty_fuzz_target,2022-05-27 04:39:42,2022-05-27 08:49:44,256,2700,9418,,,0,3,/home/b/bdata-unsync/ast-fuzz/miner/miner-experiment-data/sancov_util_results/exp-2022-06-02-04-57-52-miner-bloaty/sancov__exp-2022-06-02-04-57-52-miner-bloaty__bloaty_fuzz_target__aflplusplus_ast_opt_l1__trial-256__3.sancov
0,0,/not/relevant,exp-2022-06-02-04-57-52-miner-bloaty,aflplusplus_ast_opt_l1,bloaty_fuzz_target,2022-05-27 04:39:42,2022-05-27 08:49:44,256,3600,9443,,,0,4,/home/b/bdata-unsync/ast-fuzz/miner/miner-experiment-data/sancov_util_results/exp-2022-06-02-04-57-52-miner-bloaty/sancov__exp-2022-06-02-04-57-52-miner-bloaty__bloaty_fuzz_target__aflplusplus_ast_opt_l1__trial-256__4.sancov
0,0,/not/relevant,exp-2022-06-02-04-57-52-miner-bloaty,aflplusplus_ast_opt_l1,bloaty_fuzz_target,2022-05-27 04:39:42,2022-05-27 08:49:44,256,4500,9744,,,0,5,/home/b/bdata-unsync/ast-fuzz/miner/miner-experiment-data/sancov_util_results/exp-2022-06-02-04-57-52-miner-bloaty/sancov__exp-2022-06-02-04-57-52-miner-bloaty__bloaty_fuzz_target__aflplusplus_ast_opt_l1__trial-256__5.sancov
0,0,/not/relevant,exp-2022-06-02-04-57-52-miner-bloaty,aflplusplus_ast_opt_l1,bloaty_fuzz_target,2022-05-27 04:39:42,2022-05-27 08:49:44,256,5400,9783,,,0,6,/home/b/bdata-unsync/ast-fuzz/miner/miner-experiment-data/sancov_util_results/exp-2022-06-02-04-57-52-miner-bloaty/sancov__exp-2022-06-02-04-57-52-miner-bloaty__bloaty_fuzz_target__aflplusplus_ast_opt_l1__trial-256__6.sancov
0,0,/not/relevant,exp-2022-06-02-04-57-52-miner-bloaty,aflplusplus_ast_opt_l1,bloaty_fuzz_target,2022-05-27 04:39:42,2022-05-27 08:49:44,256,6300,9794,,,0,7,/home/b/bdata-unsync/ast-fuzz/miner/miner-experiment-data/sancov_util_results/exp-2022-06-02-04-57-52-miner-bloaty/sancov__exp-2022-06-02-04-57-52-miner-bloaty__bloaty_fuzz_target__aflplusplus_ast_opt_l1__trial-256__7.sancov
0,0,/not/relevant,exp-2022-06-02-04-57-52-miner-bloaty,aflplusplus_ast_opt_l1,bloaty_fuzz_target,2022-05-27 04:39:42,2022-05-27 08:49:44,256,7200,9832,,,0,8,/home/b/bdata-unsync/ast-fuzz/miner/miner-experiment-data/sancov_util_results/exp-2022-06-02-04-57-52-miner-bloaty/sancov__exp-2022-06-02-04-57-52-miner-bloaty__bloaty_fuzz_target__aflplusplus_ast_opt_l1__trial-256__8.sancov
0,0,/not/relevant,exp-2022-06-02-04-57-52-miner-bloaty,aflplusplus_ast_opt_l1,bloaty_fuzz_target,2022-05-27 04:39:42,2022-05-27 08:49:44,256,8100,9842,,,0,9,/home/b/bdata-unsync/ast-fuzz/miner/miner-experiment-data/sancov_util_results/exp-2022-06-02-04-57-52-miner-bloaty/sancov__exp-2022-06-02-04-57-52-miner-bloaty__bloaty_fuzz_target__aflplusplus_ast_opt_l1__trial-256__9.sancov
0,0,/not/relevant,exp-2022-06-02-04-57-52-miner-bloaty,aflplusplus_ast_opt_l1,bloaty_fuzz_target,2022-05-27 04:39:42,2022-05-27 08:49:44,256,9000,9859,,,0,10,/home/b/bdata-unsync/ast-fuzz/miner/miner-experiment-data/sancov_util_results/exp-2022-06-02-04-57-52-miner-bloaty/sancov__exp-2022-06-02-04-57-52-miner-bloaty__bloaty_fuzz_target__aflplusplus_ast_opt_l1__trial-256__10.sancov
0,0,/not/relevant,exp-2022-06-02-04-57-52-miner-bloaty,aflplusplus_ast_opt_l1,bloaty_fuzz_target,2022-05-27 04:39:42,2022-05-27 08:49:44,256,9900,9912,,,0,11,/home/b/bdata-unsync/ast-fuzz/miner/miner-experiment-data/sancov_util_results/exp-2022-06-02-04-57-52-miner-bloaty/sancov__exp-2022-06-02-04-57-52-miner-bloaty__bloaty_fuzz_target__aflplusplus_ast_opt_l1__trial-256__11.sancov
0,0,/not/relevant,exp-2022-06-02-04-57-52-miner-bloaty,aflplusplus_ast_opt_l1,bloaty_fuzz_target,2022-05-27 04:39:42,2022-05-27 08:49:44,256,10800,10117,,,0,12,/home/b/bdata-unsync/ast-fuzz/miner/miner-experiment-data/sancov_util_results/exp-2022-06-02-04-57-52-miner-bloaty/sancov__exp-2022-06-02-04-57-52-miner-bloaty__bloaty_fuzz_target__aflplusplus_ast_opt_l1__trial-256__12.sancov
0,0,/not/relevant,exp-2022-06-02-04-57-52-miner-bloaty,aflplusplus_ast_opt_l1,bloaty_fuzz_target,2022-05-27 04:39:42,2022-05-27 08:49:44,256,11700,10122,,,0,13,/home/b/bdata-unsync/ast-fuzz/miner/miner-experiment-data/sancov_util_results/exp-2022-06-02-04-57-52-miner-bloaty/sancov__exp-2022-06-02-04-57-52-miner-bloaty__bloaty_fuzz_target__aflplusplus_ast_opt_l1__trial-256__13.sancov
0,0,/not/relevant,exp-2022-06-02-04-57-52-miner-bloaty,aflplusplus_ast_opt_l1,bloaty_fuzz_target,2022-05-27 04:39:42,2022-05-27 08:49:44,256,12600,10190,,,0,14,/home/b/bdata-unsync/ast-fuzz/miner/miner-experiment-data/sancov_util_results/exp-2022-06-02-04-57-52-miner-bloaty/sancov__exp-2022-06-02-04-57-52-miner-bloaty__bloaty_fuzz_target__aflplusplus_ast_opt_l1__trial-256__14.sancov
0,0,/not/relevant,exp-2022-06-02-04-57-52-miner-bloaty,aflplusplus_ast_opt_l1,bloaty_fuzz_target,2022-05-27 04:39:42,2022-05-27 08:49:44,256,13500,10198,,,0,15,/home/b/bdata-unsync/ast-fuzz/miner/miner-experiment-data/sancov_util_results/exp-2022-06-02-04-57-52-miner-bloaty/sancov__exp-2022-06-02-04-57-52-miner-bloaty__bloaty_fuzz_target__aflplusplus_ast_opt_l1__trial-256__15.sancov
0,0,/not/relevant,exp-2022-06-02-04-57-52-miner-bloaty,aflplusplus_ast_opt_l1,bloaty_fuzz_target,2022-05-27 04:39:42,2022-05-27 08:49:44,256,14400,10273,,,0,16,/home/b/bdata-unsync/ast-fuzz/miner/miner-experiment-data/sancov_util_results/exp-2022-06-02-04-57-52-miner-bloaty/sancov__exp-2022-06-02-04-57-52-miner-bloaty__bloaty_fuzz_target__aflplusplus_ast_opt_l1__trial-256__16.sancov
0,0,/not/relevant,exp-2022-06-02-04-57-52-miner-bloaty,aflplusplus_ast_opt_l1,bloaty_fuzz_target,2022-05-27 04:39:42,2022-05-27 08:49:44,256,15300,10273,,,0,17,/home/b/bdata-unsync/ast-fuzz/miner/miner-experiment-data/sancov_util_results/exp-2022-06-02-04-57-52-miner-bloaty/sancov__exp-2022-06-02-04-57-52-miner-bloaty__bloaty_fuzz_target__aflplusplus_ast_opt_l1__trial-256__17.sancov
0,0,/not/relevant,exp-2022-06-02-04-57-52-miner-bloaty,aflplusplus_ast_opt_l1,bloaty_fuzz_target,2022-05-27 04:39:42,2022-05-27 08:49:44,257,900,9059,,,0,1,/home/b/bdata-unsync/ast-fuzz/miner/miner-experiment-data/sancov_util_results/exp-2022-06-02-04-57-52-miner-bloaty/sancov__exp-2022-06-02-04-57-52-miner-bloaty__bloaty_fuzz_target__aflplusplus_ast_opt_l1__trial-257__1.sancov
0,0,/not/relevant,exp-2022-06-02-04-57-52-miner-bloaty,aflplusplus_ast_opt_l1,bloaty_fuzz_target,2022-05-27 04:39:42,2022-05-27 08:49:44,257,1800,9426,,,0,2,/home/b/bdata-unsync/ast-fuzz/miner/miner-experiment-data/sancov_util_results/exp-2022-06-02-04-57-52-miner-bloaty/sancov__exp-2022-06-02-04-57-52-miner-bloaty__bloaty_fuzz_target__aflplusplus_ast_opt_l1__trial-257__2.sancov
0,0,/not/relevant,exp-2022-06-02-04-57-52-miner-bloaty,aflplusplus_ast_opt_l1,bloaty_fuzz_target,2022-05-27 04:39:42,2022-05-27 08:49:44,257,2700,9480,,,0,3,/home/b/bdata-unsync/ast-fuzz/miner/miner-experiment-data/sancov_util_results/exp-2022-06-02-04-57-52-miner-bloaty/sancov__exp-2022-06-02-04-57-52-miner-bloaty__bloaty_fuzz_target__aflplusplus_ast_opt_l1__trial-257__3.sancov
0,0,/not/relevant,exp-2022-06-02-04-57-52-miner-bloaty,aflplusplus_ast_opt_l1,bloaty_fuzz_target,2022-05-27 04:39:42,2022-05-27 08:49:44,257,3600,9737,,,0,4,/home/b/bdata-unsync/ast-fuzz/miner/miner-experiment-data/sancov_util_results/exp-2022-06-02-04-57-52-miner-bloaty/sancov__exp-2022-06-02-04-57-52-miner-bloaty__bloaty_fuzz_target__aflplusplus_ast_opt_l1__trial-257__4.sancov
0,0,/not/relevant,exp-2022-06-02-04-57-52-miner-bloaty,aflplusplus_ast_opt_l1,bloaty_fuzz_target,2022-05-27 04:39:42,2022-05-27 08:49:44,257,4500,9755,,,0,5,/home/b/bdata-unsync/ast-fuzz/miner/miner-experiment-data/sancov_util_results/exp-2022-06-02-04-57-52-miner-bloaty/sancov__exp-2022-06-02-04-57-52-miner-bloaty__bloaty_fuzz_target__aflplusplus_ast_opt_l1__trial-257__5.sancov
0,0,/not/relevant,exp-2022-06-02-04-57-52-miner-bloaty,aflplusplus_ast_opt_l1,bloaty_fuzz_target,2022-05-27 04:39:42,2022-05-27 08:49:44,257,5400,9769,,,0,6,/home/b/bdata-unsync/ast-fuzz/miner/miner-experiment-data/sancov_util_results/exp-2022-06-02-04-57-52-miner-bloaty/sancov__exp-2022-06-02-04-57-52-miner-bloaty__bloaty_fuzz_target__aflplusplus_ast_opt_l1__trial-257__6.sancov
0,0,/not/relevant,exp-2022-06-02-04-57-52-miner-bloaty,aflplusplus_ast_opt_l1,bloaty_fuzz_target,2022-05-27 04:39:42,2022-05-27 08:49:44,257,6300,9843,,,0,7,/home/b/bdata-unsync/ast-fuzz/miner/miner-experiment-data/sancov_util_results/exp-2022-06-02-04-57-52-miner-bloaty/sancov__exp-2022-06-02-04-57-52-miner-bloaty__bloaty_fuzz_target__aflplusplus_ast_opt_l1__trial-257__7.sancov
0,0,/not/relevant,exp-2022-06-02-04-57-52-miner-bloaty,aflplusplus_ast_opt_l1,bloaty_fuzz_target,2022-05-27 04:39:42,2022-05-27 08:49:44,257,7200,9889,,,0,8,/home/b/bdata-unsync/ast-fuzz/miner/miner-experiment-data/sancov_util_results/exp-2022-06-02-04-57-52-miner-bloaty/sancov__exp-2022-06-02-04-57-52-miner-bloaty__bloaty_fuzz_target__aflplusplus_ast_opt_l1__trial-257__8.sancov
0,0,/not/relevant,exp-2022-06-02-04-57-52-miner-bloaty,aflplusplus_ast_opt_l1,bloaty_fuzz_target,2022-05-27 04:39:42,2022-05-27 08:49:44,257,8100,9971,,,0,9,/home/b/bdata-unsync/ast-fuzz/miner/miner-experiment-data/sancov_util_results/exp-2022-06-02-04-57-52-miner-bloaty/sancov__exp-2022-06-02-04-57-52-miner-bloaty__bloaty_fuzz_target__aflplusplus_ast_opt_l1__trial-257__9.sancov
0,0,/not/relevant,exp-2022-06-02-04-57-52-miner-bloaty,aflplusplus_ast_opt_l1,bloaty_fuzz_target,2022-05-27 04:39:42,2022-05-27 08:49:44,257,9000,9977,,,0,10,/home/b/bdata-unsync/ast-fuzz/miner/miner-experiment-data/sancov_util_results/exp-2022-06-02-04-57-52-miner-bloaty/sancov__exp-2022-06-02-04-57-52-miner-bloaty__bloaty_fuzz_target__aflplusplus_ast_opt_l1__trial-257__10.sancov
0,0,/not/relevant,exp-2022-06-02-04-57-52-miner-bloaty,aflplusplus_ast_opt_l1,bloaty_fuzz_target,2022-05-27 04:39:42,2022-05-27 08:49:44,257,9900,9995,,,0,11,/home/b/bdata-unsync/ast-fuzz/miner/miner-experiment-data/sancov_util_results/exp-2022-06-02-04-57-52-miner-bloaty/sancov__exp-2022-06-02-04-57-52-miner-bloaty__bloaty_fuzz_target__aflplusplus_ast_opt_l1__trial-257__11.sancov
0,0,/not/relevant,exp-2022-06-02-04-57-52-miner-bloaty,aflplusplus_ast_opt_l1,bloaty_fuzz_target,2022-05-27 04:39:42,2022-05-27 08:49:44,257,10800,10046,,,0,12,/home/b/bdata-unsync/ast-fuzz/miner/miner-experiment-data/sancov_util_results/exp-2022-06-02-04-57-52-miner-bloaty/sancov__exp-2022-06-02-04-57-52-miner-bloaty__bloaty_fuzz_target__aflplusplus_ast_opt_l1__trial-257__12.sancov
0,0,/not/relevant,exp-2022-06-02-04-57-52-miner-bloaty,aflplusplus_ast_opt_l1,bloaty_fuzz_target,2022-05-27 04:39:42,2022-05-27 08:49:44,257,11700,10052,,,0,13,/home/b/bdata-unsync/ast-fuzz/miner/miner-experiment-data/sancov_util_results/exp-2022-06-02-04-57-52-miner-bloaty/sancov__exp-2022-06-02-04-57-52-miner-bloaty__bloaty_fuzz_target__aflplusplus_ast_opt_l1__trial-257__13.sancov
0,0,/not/relevant,exp-2022-06-02-04-57-52-miner-bloaty,aflplusplus_ast_opt_l1,bloaty_fuzz_target,2022-05-27 04:39:42,2022-05-27 08:49:44,257,12600,10056,,,0,14,/home/b/bdata-unsync/ast-fuzz/miner/miner-experiment-data/sancov_util_results/exp-2022-06-02-04-57-52-miner-bloaty/sancov__exp-2022-06-02-04-57-52-miner-bloaty__bloaty_fuzz_target__aflplusplus_ast_opt_l1__trial-257__14.sancov
0,0,/not/relevant,exp-2022-06-02-04-57-52-miner-bloaty,aflplusplus_ast_opt_l1,bloaty_fuzz_target,2022-05-27 04:39:42,2022-05-27 08:49:44,257,13500,10061,,,0,15,/home/b/bdata-unsync/ast-fuzz/miner/miner-experiment-data/sancov_util_results/exp-2022-06-02-04-57-52-miner-bloaty/sancov__exp-2022-06-02-04-57-52-miner-bloaty__bloaty_fuzz_target__aflplusplus_ast_opt_l1__trial-257__15.sancov
0,0,/not/relevant,exp-2022-06-02-04-57-52-miner-bloaty,aflplusplus_ast_opt_l1,bloaty_fuzz_target,2022-05-27 04:39:42,2022-05-27 08:49:44,257,14400,10066,,,0,16,/home/b/bdata-unsync/ast-fuzz/miner/miner-experiment-data/sancov_util_results/exp-2022-06-02-04-57-52-miner-bloaty/sancov__exp-2022-06-02-04-57-52-miner-bloaty__bloaty_fuzz_target__aflplusplus_ast_opt_l1__trial-257__16.sancov
0,0,/not/relevant,exp-2022-06-02-04-57-52-miner-bloaty,aflplusplus_ast_opt_l1,bloaty_fuzz_target,2022-05-27 04:39:42,2022-05-27 08:49:44,257,15300,10066,,,0,17,/home/b/bdata-unsync/ast-fuzz/miner/miner-experiment-data/sancov_util_results/exp-2022-06-02-04-57-52-miner-bloaty/sancov__exp-2022-06-02-04-57-52-miner-bloaty__bloaty_fuzz_target__aflplusplus_ast_opt_l1__trial-257__17.sancov
0,0,/not/relevant,exp-2022-06-02-04-57-52-miner-bloaty,aflplusplus_ast_opt_l1,bloaty_fuzz_target,2022-05-27 04:39:42,2022-05-27 08:49:44,258,900,9235,,,0,1,/home/b/bdata-unsync/ast-fuzz/miner/miner-experiment-data/sancov_util_results/exp-2022-06-02-04-57-52-miner-bloaty/sancov__exp-2022-06-02-04-57-52-miner-bloaty__bloaty_fuzz_target__aflplusplus_ast_opt_l1__trial-258__1.sancov
0,0,/not/relevant,exp-2022-06-02-04-57-52-miner-bloaty,aflplusplus_ast_opt_l1,bloaty_fuzz_target,2022-05-27 04:39:42,2022-05-27 08:49:44,258,1800,9320,,,0,2,/home/b/bdata-unsync/ast-fuzz/miner/miner-experiment-data/sancov_util_results/exp-2022-06-02-04-57-52-miner-bloaty/sancov__exp-2022-06-02-04-57-52-miner-bloaty__bloaty_fuzz_target__aflplusplus_ast_opt_l1__trial-258__2.sancov
0,0,/not/relevant,exp-2022-06-02-04-57-52-miner-bloaty,aflplusplus_ast_opt_l1,bloaty_fuzz_target,2022-05-27 04:39:42,2022-05-27 08:49:44,258,2700,9582,,,0,3,/home/b/bdata-unsync/ast-fuzz/miner/miner-experiment-data/sancov_util_results/exp-2022-06-02-04-57-52-miner-bloaty/sancov__exp-2022-06-02-04-57-52-miner-bloaty__bloaty_fuzz_target__aflplusplus_ast_opt_l1__trial-258__3.sancov
0,0,/not/relevant,exp-2022-06-02-04-57-52-miner-bloaty,aflplusplus_ast_opt_l1,bloaty_fuzz_target,2022-05-27 04:39:42,2022-05-27 08:49:44,258,3600,9684,,,0,4,/home/b/bdata-unsync/ast-fuzz/miner/miner-experiment-data/sancov_util_results/exp-2022-06-02-04-57-52-miner-bloaty/sancov__exp-2022-06-02-04-57-52-miner-bloaty__bloaty_fuzz_target__aflplusplus_ast_opt_l1__trial-258__4.sancov
0,0,/not/relevant,exp-2022-06-02-04-57-52-miner-bloaty,aflplusplus_ast_opt_l1,bloaty_fuzz_target,2022-05-27 04:39:42,2022-05-27 08:49:44,258,4500,9787,,,0,5,/home/b/bdata-unsync/ast-fuzz/miner/miner-experiment-data/sancov_util_results/exp-2022-06-02-04-57-52-miner-bloaty/sancov__exp-2022-06-02-04-57-52-miner-bloaty__bloaty_fuzz_target__aflplusplus_ast_opt_l1__trial-258__5.sancov
0,0,/not/relevant,exp-2022-06-02-04-57-52-miner-bloaty,aflplusplus_ast_opt_l1,bloaty_fuzz_target,2022-05-27 04:39:42,2022-05-27 08:49:44,258,5400,9852,,,0,6,/home/b/bdata-unsync/ast-fuzz/miner/miner-experiment-data/sancov_util_results/exp-2022-06-02-04-57-52-miner-bloaty/sancov__exp-2022-06-02-04-57-52-miner-bloaty__bloaty_fuzz_target__aflplusplus_ast_opt_l1__trial-258__6.sancov
0,0,/not/relevant,exp-2022-06-02-04-57-52-miner-bloaty,aflplusplus_ast_opt_l1,bloaty_fuzz_target,2022-05-27 04:39:42,2022-05-27 08:49:44,258,6300,9878,,,0,7,/home/b/bdata-unsync/ast-fuzz/miner/miner-experiment-data/sancov_util_results/exp-2022-06-02-04-57-52-miner-bloaty/sancov__exp-2022-06-02-04-57-52-miner-bloaty__bloaty_fuzz_target__aflplusplus_ast_opt_l1__trial-258__7.sancov
0,0,/not/relevant,exp-2022-06-02-04-57-52-miner-bloaty,aflplusplus_ast_opt_l1,bloaty_fuzz_target,2022-05-27 04:39:42,2022-05-27 08:49:44,258,7200,9910,,,0,8,/home/b/bdata-unsync/ast-fuzz/miner/miner-experiment-data/sancov_util_results/exp-2022-06-02-04-57-52-miner-bloaty/sancov__exp-2022-06-02-04-57-52-miner-bloaty__bloaty_fuzz_target__aflplusplus_ast_opt_l1__trial-258__8.sancov
0,0,/not/relevant,exp-2022-06-02-04-57-52-miner-bloaty,aflplusplus_ast_opt_l1,bloaty_fuzz_target,2022-05-27 04:39:42,2022-05-27 08:49:44,258,8100,10038,,,0,9,/home/b/bdata-unsync/ast-fuzz/miner/miner-experiment-data/sancov_util_results/exp-2022-06-02-04-57-52-miner-bloaty/sancov__exp-2022-06-02-04-57-52-miner-bloaty__bloaty_fuzz_target__aflplusplus_ast_opt_l1__trial-258__9.sancov
0,0,/not/relevant,exp-2022-06-02-04-57-52-miner-bloaty,aflplusplus_ast_opt_l1,bloaty_fuzz_target,2022-05-27 04:39:42,2022-05-27 08:49:44,258,9000,10044,,,0,10,/home/b/bdata-unsync/ast-fuzz/miner/miner-experiment-data/sancov_util_results/exp-2022-06-02-04-57-52-miner-bloaty/sancov__exp-2022-06-02-04-57-52-miner-bloaty__bloaty_fuzz_target__aflplusplus_ast_opt_l1__trial-258__10.sancov
0,0,/not/relevant,exp-2022-06-02-04-57-52-miner-bloaty,aflplusplus_ast_opt_l1,bloaty_fuzz_target,2022-05-27 04:39:42,2022-05-27 08:49:44,258,9900,10069,,,0,11,/home/b/bdata-unsync/ast-fuzz/miner/miner-experiment-data/sancov_util_results/exp-2022-06-02-04-57-52-miner-bloaty/sancov__exp-2022-06-02-04-57-52-miner-bloaty__bloaty_fuzz_target__aflplusplus_ast_opt_l1__trial-258__11.sancov
0,0,/not/relevant,exp-2022-06-02-04-57-52-miner-bloaty,aflplusplus_ast_opt_l1,bloaty_fuzz_target,2022-05-27 04:39:42,2022-05-27 08:49:44,258,10800,10113,,,0,12,/home/b/bdata-unsync/ast-fuzz/miner/miner-experiment-data/sancov_util_results/exp-2022-06-02-04-57-52-miner-bloaty/sancov__exp-2022-06-02-04-57-52-miner-bloaty__bloaty_fuzz_target__aflplusplus_ast_opt_l1__trial-258__12.sancov
0,0,/not/relevant,exp-2022-06-02-04-57-52-miner-bloaty,aflplusplus_ast_opt_l1,bloaty_fuzz_target,2022-05-27 04:39:42,2022-05-27 08:49:44,258,11700,10127,,,0,13,/home/b/bdata-unsync/ast-fuzz/miner/miner-experiment-data/sancov_util_results/exp-2022-06-02-04-57-52-miner-bloaty/sancov__exp-2022-06-02-04-57-52-miner-bloaty__bloaty_fuzz_target__aflplusplus_ast_opt_l1__trial-258__13.sancov
0,0,/not/relevant,exp-2022-06-02-04-57-52-miner-bloaty,aflplusplus_ast_opt_l1,bloaty_fuzz_target,2022-05-27 04:39:42,2022-05-27 08:49:44,258,12600,10194,,,0,14,/home/b/bdata-unsync/ast-fuzz/miner/miner-experiment-data/sancov_util_results/exp-2022-06-02-04-57-52-miner-bloaty/sancov__exp-2022-06-02-04-57-52-miner-bloaty__bloaty_fuzz_target__aflplusplus_ast_opt_l1__trial-258__14.sancov
0,0,/not/relevant,exp-2022-06-02-04-57-52-miner-bloaty,aflplusplus_ast_opt_l1,bloaty_fuzz_target,2022-05-27 04:39:42,2022-05-27 08:49:44,258,13500,10203,,,0,15,/home/b/bdata-unsync/ast-fuzz/miner/miner-experiment-data/sancov_util_results/exp-2022-06-02-04-57-52-miner-bloaty/sancov__exp-2022-06-02-04-57-52-miner-bloaty__bloaty_fuzz_target__aflplusplus_ast_opt_l1__trial-258__15.sancov
0,0,/not/relevant,exp-2022-06-02-04-57-52-miner-bloaty,aflplusplus_ast_opt_l1,bloaty_fuzz_target,2022-05-27 04:39:42,2022-05-27 08:49:44,258,14400,10211,,,0,16,/home/b/bdata-unsync/ast-fuzz/miner/miner-experiment-data/sancov_util_results/exp-2022-06-02-04-57-52-miner-bloaty/sancov__exp-2022-06-02-04-57-52-miner-bloaty__bloaty_fuzz_target__aflplusplus_ast_opt_l1__trial-258__16.sancov
0,0,/not/relevant,exp-2022-06-02-04-57-52-miner-bloaty,aflplusplus_ast_opt_l1,bloaty_fuzz_target,2022-05-27 04:39:42,2022-05-27 08:49:44,258,15300,10211,,,0,17,/home/b/bdata-unsync/ast-fuzz/miner/miner-experiment-data/sancov_util_results/exp-2022-06-02-04-57-52-miner-bloaty/sancov__exp-2022-06-02-04-57-52-miner-bloaty__bloaty_fuzz_target__aflplusplus_ast_opt_l1__trial-258__17.sancov
