benchmark,covered,not_covered,edges,total
vorbis-2017-12-11,aflplusplus_ast_f0,aflplusplus_ast_f0,0,2289
vorbis-2017-12-11,aflplusplus_ast_f0,aflplusplus_ast_f1,2,2289
vorbis-2017-12-11,aflplusplus_ast_f0,aflplusplus_ast_o0,6,2289
vorbis-2017-12-11,aflplusplus_ast_f0,aflplusplus_ast_o1,7,2289
vorbis-2017-12-11,aflplusplus_ast_f0,aflplusplus_ast_o2,7,2289
vorbis-2017-12-11,aflplusplus_ast_f0,aflplusplus_ast_o3,5,2289
vorbis-2017-12-11,aflplusplus_ast_f0,aflplusplus_ast_o3_native,10,2289
vorbis-2017-12-11,aflplusplus_ast_f0,aflplusplus_ast_opt_disable,10,2289
vorbis-2017-12-11,aflplusplus_ast_f0,aflplusplus_ast_opt_l1,11,2289
vorbis-2017-12-11,aflplusplus_ast_f0,aflplusplus_ast_o3_lto,15,2289
vorbis-2017-12-11,aflplusplus_ast_f0,afl_from_input_seed,16,2289
vorbis-2017-12-11,aflplusplus_ast_f1,aflplusplus_ast_f0,2,2289
vorbis-2017-12-11,aflplusplus_ast_f1,aflplusplus_ast_f1,0,2289
vorbis-2017-12-11,aflplusplus_ast_f1,aflplusplus_ast_o0,7,2289
vorbis-2017-12-11,aflplusplus_ast_f1,aflplusplus_ast_o1,8,2289
vorbis-2017-12-11,aflplusplus_ast_f1,aflplusplus_ast_o2,8,2289
vorbis-2017-12-11,aflplusplus_ast_f1,aflplusplus_ast_o3,6,2289
vorbis-2017-12-11,aflplusplus_ast_f1,aflplusplus_ast_o3_native,11,2289
vorbis-2017-12-11,aflplusplus_ast_f1,aflplusplus_ast_opt_disable,10,2289
vorbis-2017-12-11,aflplusplus_ast_f1,aflplusplus_ast_opt_l1,12,2289
vorbis-2017-12-11,aflplusplus_ast_f1,aflplusplus_ast_o3_lto,15,2289
vorbis-2017-12-11,aflplusplus_ast_f1,afl_from_input_seed,16,2289
vorbis-2017-12-11,aflplusplus_ast_o0,aflplusplus_ast_f0,9,2292
vorbis-2017-12-11,aflplusplus_ast_o0,aflplusplus_ast_f1,10,2292
vorbis-2017-12-11,aflplusplus_ast_o0,aflplusplus_ast_o0,0,2292
vorbis-2017-12-11,aflplusplus_ast_o0,aflplusplus_ast_o1,8,2292
vorbis-2017-12-11,aflplusplus_ast_o0,aflplusplus_ast_o2,11,2292
vorbis-2017-12-11,aflplusplus_ast_o0,aflplusplus_ast_o3,7,2292
vorbis-2017-12-11,aflplusplus_ast_o0,aflplusplus_ast_o3_native,14,2292
vorbis-2017-12-11,aflplusplus_ast_o0,aflplusplus_ast_opt_disable,5,2292
vorbis-2017-12-11,aflplusplus_ast_o0,aflplusplus_ast_opt_l1,6,2292
vorbis-2017-12-11,aflplusplus_ast_o0,aflplusplus_ast_o3_lto,16,2292
vorbis-2017-12-11,aflplusplus_ast_o0,afl_from_input_seed,21,2292
vorbis-2017-12-11,aflplusplus_ast_o1,aflplusplus_ast_f0,5,2287
vorbis-2017-12-11,aflplusplus_ast_o1,aflplusplus_ast_f1,6,2287
vorbis-2017-12-11,aflplusplus_ast_o1,aflplusplus_ast_o0,3,2287
vorbis-2017-12-11,aflplusplus_ast_o1,aflplusplus_ast_o1,0,2287
vorbis-2017-12-11,aflplusplus_ast_o1,aflplusplus_ast_o2,7,2287
vorbis-2017-12-11,aflplusplus_ast_o1,aflplusplus_ast_o3,5,2287
vorbis-2017-12-11,aflplusplus_ast_o1,aflplusplus_ast_o3_native,9,2287
vorbis-2017-12-11,aflplusplus_ast_o1,aflplusplus_ast_opt_disable,5,2287
vorbis-2017-12-11,aflplusplus_ast_o1,aflplusplus_ast_opt_l1,8,2287
vorbis-2017-12-11,aflplusplus_ast_o1,aflplusplus_ast_o3_lto,13,2287
vorbis-2017-12-11,aflplusplus_ast_o1,afl_from_input_seed,14,2287
vorbis-2017-12-11,aflplusplus_ast_o2,aflplusplus_ast_f0,2,2284
vorbis-2017-12-11,aflplusplus_ast_o2,aflplusplus_ast_f1,3,2284
vorbis-2017-12-11,aflplusplus_ast_o2,aflplusplus_ast_o0,3,2284
vorbis-2017-12-11,aflplusplus_ast_o2,aflplusplus_ast_o1,4,2284
vorbis-2017-12-11,aflplusplus_ast_o2,aflplusplus_ast_o2,0,2284
vorbis-2017-12-11,aflplusplus_ast_o2,aflplusplus_ast_o3,1,2284
vorbis-2017-12-11,aflplusplus_ast_o2,aflplusplus_ast_o3_native,4,2284
vorbis-2017-12-11,aflplusplus_ast_o2,aflplusplus_ast_opt_disable,6,2284
vorbis-2017-12-11,aflplusplus_ast_o2,aflplusplus_ast_opt_l1,6,2284
vorbis-2017-12-11,aflplusplus_ast_o2,aflplusplus_ast_o3_lto,10,2284
vorbis-2017-12-11,aflplusplus_ast_o2,afl_from_input_seed,12,2284
vorbis-2017-12-11,aflplusplus_ast_o3,aflplusplus_ast_f0,4,2288
vorbis-2017-12-11,aflplusplus_ast_o3,aflplusplus_ast_f1,5,2288
vorbis-2017-12-11,aflplusplus_ast_o3,aflplusplus_ast_o0,3,2288
vorbis-2017-12-11,aflplusplus_ast_o3,aflplusplus_ast_o1,6,2288
vorbis-2017-12-11,aflplusplus_ast_o3,aflplusplus_ast_o2,5,2288
vorbis-2017-12-11,aflplusplus_ast_o3,aflplusplus_ast_o3,0,2288
vorbis-2017-12-11,aflplusplus_ast_o3,aflplusplus_ast_o3_native,9,2288
vorbis-2017-12-11,aflplusplus_ast_o3,aflplusplus_ast_opt_disable,7,2288
vorbis-2017-12-11,aflplusplus_ast_o3,aflplusplus_ast_opt_l1,8,2288
vorbis-2017-12-11,aflplusplus_ast_o3,aflplusplus_ast_o3_lto,13,2288
vorbis-2017-12-11,aflplusplus_ast_o3,afl_from_input_seed,16,2288
libjpeg-turbo-07-2017,aflplusplus_ast_f0,aflplusplus_ast_f0,0,3376
libjpeg-turbo-07-2017,aflplusplus_ast_f0,aflplusplus_ast_f1,1,3376
libjpeg-turbo-07-2017,aflplusplus_ast_f0,aflplusplus_ast_o0,10,3376
libjpeg-turbo-07-2017,aflplusplus_ast_f0,aflplusplus_ast_o1,10,3376
libjpeg-turbo-07-2017,aflplusplus_ast_f0,aflplusplus_ast_o2,3,3376
libjpeg-turbo-07-2017,aflplusplus_ast_f0,aflplusplus_ast_o3,12,3376
libjpeg-turbo-07-2017,aflplusplus_ast_f0,aflplusplus_ast_o3_lto,12,3376
libjpeg-turbo-07-2017,aflplusplus_ast_f0,aflplusplus_ast_o3_native,28,3376
libjpeg-turbo-07-2017,aflplusplus_ast_f0,afl_from_input_seed,28,3376
libjpeg-turbo-07-2017,aflplusplus_ast_f1,aflplusplus_ast_f0,3,3378
libjpeg-turbo-07-2017,aflplusplus_ast_f1,aflplusplus_ast_f1,0,3378
libjpeg-turbo-07-2017,aflplusplus_ast_f1,aflplusplus_ast_o0,10,3378
libjpeg-turbo-07-2017,aflplusplus_ast_f1,aflplusplus_ast_o1,10,3378
libjpeg-turbo-07-2017,aflplusplus_ast_f1,aflplusplus_ast_o2,2,3378
libjpeg-turbo-07-2017,aflplusplus_ast_f1,aflplusplus_ast_o3,12,3378
libjpeg-turbo-07-2017,aflplusplus_ast_f1,aflplusplus_ast_o3_lto,12,3378
libjpeg-turbo-07-2017,aflplusplus_ast_f1,aflplusplus_ast_o3_native,27,3378
libjpeg-turbo-07-2017,aflplusplus_ast_f1,afl_from_input_seed,27,3378
libjpeg-turbo-07-2017,aflplusplus_ast_o0,aflplusplus_ast_f0,33,3399
libjpeg-turbo-07-2017,aflplusplus_ast_o0,aflplusplus_ast_f1,31,3399
libjpeg-turbo-07-2017,aflplusplus_ast_o0,aflplusplus_ast_o0,0,3399
libjpeg-turbo-07-2017,aflplusplus_ast_o0,aflplusplus_ast_o1,29,3399
libjpeg-turbo-07-2017,aflplusplus_ast_o0,aflplusplus_ast_o2,7,3399
libjpeg-turbo-07-2017,aflplusplus_ast_o0,aflplusplus_ast_o3,6,3399
libjpeg-turbo-07-2017,aflplusplus_ast_o0,aflplusplus_ast_o3_lto,33,3399
libjpeg-turbo-07-2017,aflplusplus_ast_o0,aflplusplus_ast_o3_native,48,3399
libjpeg-turbo-07-2017,aflplusplus_ast_o0,afl_from_input_seed,48,3399
libjpeg-turbo-07-2017,aflplusplus_ast_o1,aflplusplus_ast_f0,4,3370
libjpeg-turbo-07-2017,aflplusplus_ast_o1,aflplusplus_ast_f1,2,3370
libjpeg-turbo-07-2017,aflplusplus_ast_o1,aflplusplus_ast_o0,0,3370
libjpeg-turbo-07-2017,aflplusplus_ast_o1,aflplusplus_ast_o1,0,3370
libjpeg-turbo-07-2017,aflplusplus_ast_o1,aflplusplus_ast_o2,3,3370
libjpeg-turbo-07-2017,aflplusplus_ast_o1,aflplusplus_ast_o3,2,3370
libjpeg-turbo-07-2017,aflplusplus_ast_o1,aflplusplus_ast_o3_lto,4,3370
libjpeg-turbo-07-2017,aflplusplus_ast_o1,aflplusplus_ast_o3_native,19,3370
libjpeg-turbo-07-2017,aflplusplus_ast_o1,afl_from_input_seed,19,3370
libjpeg-turbo-07-2017,aflplusplus_ast_o2,aflplusplus_ast_f0,43,3416
libjpeg-turbo-07-2017,aflplusplus_ast_o2,aflplusplus_ast_f1,40,3416
libjpeg-turbo-07-2017,aflplusplus_ast_o2,aflplusplus_ast_o0,24,3416
libjpeg-turbo-07-2017,aflplusplus_ast_o2,aflplusplus_ast_o1,49,3416
libjpeg-turbo-07-2017,aflplusplus_ast_o2,aflplusplus_ast_o2,0,3416
libjpeg-turbo-07-2017,aflplusplus_ast_o2,aflplusplus_ast_o3,24,3416
libjpeg-turbo-07-2017,aflplusplus_ast_o2,aflplusplus_ast_o3_lto,52,3416
libjpeg-turbo-07-2017,aflplusplus_ast_o2,aflplusplus_ast_o3_native,65,3416
libjpeg-turbo-07-2017,aflplusplus_ast_o2,afl_from_input_seed,65,3416
libjpeg-turbo-07-2017,aflplusplus_ast_o3,aflplusplus_ast_f0,29,3393
libjpeg-turbo-07-2017,aflplusplus_ast_o3,aflplusplus_ast_f1,27,3393
libjpeg-turbo-07-2017,aflplusplus_ast_o3,aflplusplus_ast_o0,0,3393
libjpeg-turbo-07-2017,aflplusplus_ast_o3,aflplusplus_ast_o1,25,3393
libjpeg-turbo-07-2017,aflplusplus_ast_o3,aflplusplus_ast_o2,1,3393
libjpeg-turbo-07-2017,aflplusplus_ast_o3,aflplusplus_ast_o3,0,3393
libjpeg-turbo-07-2017,aflplusplus_ast_o3,aflplusplus_ast_o3_lto,29,3393
libjpeg-turbo-07-2017,aflplusplus_ast_o3,aflplusplus_ast_o3_native,42,3393
libjpeg-turbo-07-2017,aflplusplus_ast_o3,afl_from_input_seed,42,3393
harfbuzz-1.3.2,aflplusplus_ast_f0,aflplusplus_ast_f0,0,11036
harfbuzz-1.3.2,aflplusplus_ast_f0,aflplusplus_ast_f1,75,11036
harfbuzz-1.3.2,aflplusplus_ast_f0,aflplusplus_ast_o0,37,11036
harfbuzz-1.3.2,aflplusplus_ast_f0,aflplusplus_ast_o1,53,11036
harfbuzz-1.3.2,aflplusplus_ast_f0,aflplusplus_ast_o2,64,11036
harfbuzz-1.3.2,aflplusplus_ast_f0,aflplusplus_ast_o3,56,11036
harfbuzz-1.3.2,aflplusplus_ast_f1,aflplusplus_ast_f0,415,11376
harfbuzz-1.3.2,aflplusplus_ast_f1,aflplusplus_ast_f1,0,11376
harfbuzz-1.3.2,aflplusplus_ast_f1,aflplusplus_ast_o0,381,11376
harfbuzz-1.3.2,aflplusplus_ast_f1,aflplusplus_ast_o1,210,11376
harfbuzz-1.3.2,aflplusplus_ast_f1,aflplusplus_ast_o2,381,11376
harfbuzz-1.3.2,aflplusplus_ast_f1,aflplusplus_ast_o3,409,11376
harfbuzz-1.3.2,aflplusplus_ast_o0,aflplusplus_ast_f0,212,11211
harfbuzz-1.3.2,aflplusplus_ast_o0,aflplusplus_ast_f1,216,11211
harfbuzz-1.3.2,aflplusplus_ast_o0,aflplusplus_ast_o0,0,11211
harfbuzz-1.3.2,aflplusplus_ast_o0,aflplusplus_ast_o1,126,11211
harfbuzz-1.3.2,aflplusplus_ast_o0,aflplusplus_ast_o2,122,11211
harfbuzz-1.3.2,aflplusplus_ast_o0,aflplusplus_ast_o3,216,11211
harfbuzz-1.3.2,aflplusplus_ast_o1,aflplusplus_ast_f0,336,11319
harfbuzz-1.3.2,aflplusplus_ast_o1,aflplusplus_ast_f1,153,11319
harfbuzz-1.3.2,aflplusplus_ast_o1,aflplusplus_ast_o0,234,11319
harfbuzz-1.3.2,aflplusplus_ast_o1,aflplusplus_ast_o1,0,11319
harfbuzz-1.3.2,aflplusplus_ast_o1,aflplusplus_ast_o2,248,11319
harfbuzz-1.3.2,aflplusplus_ast_o1,aflplusplus_ast_o3,333,11319
harfbuzz-1.3.2,aflplusplus_ast_o2,aflplusplus_ast_f0,222,11194
harfbuzz-1.3.2,aflplusplus_ast_o2,aflplusplus_ast_f1,199,11194
harfbuzz-1.3.2,aflplusplus_ast_o2,aflplusplus_ast_o0,105,11194
harfbuzz-1.3.2,aflplusplus_ast_o2,aflplusplus_ast_o1,123,11194
harfbuzz-1.3.2,aflplusplus_ast_o2,aflplusplus_ast_o2,0,11194
harfbuzz-1.3.2,aflplusplus_ast_o2,aflplusplus_ast_o3,192,11194
harfbuzz-1.3.2,aflplusplus_ast_o3,aflplusplus_ast_f0,91,11071
harfbuzz-1.3.2,aflplusplus_ast_o3,aflplusplus_ast_f1,104,11071
harfbuzz-1.3.2,aflplusplus_ast_o3,aflplusplus_ast_o0,76,11071
harfbuzz-1.3.2,aflplusplus_ast_o3,aflplusplus_ast_o1,85,11071
harfbuzz-1.3.2,aflplusplus_ast_o3,aflplusplus_ast_o2,69,11071
harfbuzz-1.3.2,aflplusplus_ast_o3,aflplusplus_ast_o3,0,11071
freetype2-2017,aflplusplus_ast_f0,aflplusplus_ast_f0,0,19481
freetype2-2017,aflplusplus_ast_f0,aflplusplus_ast_f1,715,19481
freetype2-2017,aflplusplus_ast_f0,aflplusplus_ast_o0,763,19481
freetype2-2017,aflplusplus_ast_f0,aflplusplus_ast_o1,784,19481
freetype2-2017,aflplusplus_ast_f0,aflplusplus_ast_o2,421,19481
freetype2-2017,aflplusplus_ast_f0,aflplusplus_ast_o3,1275,19481
freetype2-2017,aflplusplus_ast_f0,aflplusplus_ast_o3_native,2165,19481
freetype2-2017,aflplusplus_ast_f0,aflplusplus_ast_opt_disable,3379,19481
freetype2-2017,aflplusplus_ast_f0,aflplusplus_ast_opt_l1,3325,19481
freetype2-2017,aflplusplus_ast_f0,afl_from_input_seed,758,19481
freetype2-2017,aflplusplus_ast_f1,aflplusplus_ast_f0,1927,20693
freetype2-2017,aflplusplus_ast_f1,aflplusplus_ast_f1,0,20693
freetype2-2017,aflplusplus_ast_f1,aflplusplus_ast_o0,1458,20693
freetype2-2017,aflplusplus_ast_f1,aflplusplus_ast_o1,314,20693
freetype2-2017,aflplusplus_ast_f1,aflplusplus_ast_o2,681,20693
freetype2-2017,aflplusplus_ast_f1,aflplusplus_ast_o3,1080,20693
freetype2-2017,aflplusplus_ast_f1,aflplusplus_ast_o3_native,3264,20693
freetype2-2017,aflplusplus_ast_f1,aflplusplus_ast_opt_disable,4606,20693
freetype2-2017,aflplusplus_ast_f1,aflplusplus_ast_opt_l1,4647,20693
freetype2-2017,aflplusplus_ast_f1,afl_from_input_seed,462,20693
freetype2-2017,aflplusplus_ast_o0,aflplusplus_ast_f0,930,19648
freetype2-2017,aflplusplus_ast_o0,aflplusplus_ast_f1,413,19648
freetype2-2017,aflplusplus_ast_o0,aflplusplus_ast_o0,0,19648
freetype2-2017,aflplusplus_ast_o0,aflplusplus_ast_o1,454,19648
freetype2-2017,aflplusplus_ast_o0,aflplusplus_ast_o2,377,19648
freetype2-2017,aflplusplus_ast_o0,aflplusplus_ast_o3,1078,19648
freetype2-2017,aflplusplus_ast_o0,aflplusplus_ast_o3_native,2333,19648
freetype2-2017,aflplusplus_ast_o0,aflplusplus_ast_opt_disable,3526,19648
freetype2-2017,aflplusplus_ast_o0,aflplusplus_ast_opt_l1,3551,19648
freetype2-2017,aflplusplus_ast_o0,afl_from_input_seed,431,19648
freetype2-2017,aflplusplus_ast_o1,aflplusplus_ast_f0,1951,20648
freetype2-2017,aflplusplus_ast_o1,aflplusplus_ast_f1,269,20648
freetype2-2017,aflplusplus_ast_o1,aflplusplus_ast_o0,1454,20648
freetype2-2017,aflplusplus_ast_o1,aflplusplus_ast_o1,0,20648
freetype2-2017,aflplusplus_ast_o1,aflplusplus_ast_o2,657,20648
freetype2-2017,aflplusplus_ast_o1,aflplusplus_ast_o3,1056,20648
freetype2-2017,aflplusplus_ast_o1,aflplusplus_ast_o3_native,3261,20648
freetype2-2017,aflplusplus_ast_o1,aflplusplus_ast_opt_disable,4538,20648
freetype2-2017,aflplusplus_ast_o1,aflplusplus_ast_opt_l1,4482,20648
freetype2-2017,aflplusplus_ast_o1,afl_from_input_seed,394,20648
freetype2-2017,aflplusplus_ast_o2,aflplusplus_ast_f0,1566,20626
freetype2-2017,aflplusplus_ast_o2,aflplusplus_ast_f1,614,20626
freetype2-2017,aflplusplus_ast_o2,aflplusplus_ast_o0,1355,20626
freetype2-2017,aflplusplus_ast_o2,aflplusplus_ast_o1,635,20626
freetype2-2017,aflplusplus_ast_o2,aflplusplus_ast_o2,0,20626
freetype2-2017,aflplusplus_ast_o2,aflplusplus_ast_o3,1262,20626
freetype2-2017,aflplusplus_ast_o2,aflplusplus_ast_o3_native,3239,20626
freetype2-2017,aflplusplus_ast_o2,aflplusplus_ast_opt_disable,4494,20626
freetype2-2017,aflplusplus_ast_o2,aflplusplus_ast_opt_l1,4422,20626
freetype2-2017,aflplusplus_ast_o2,afl_from_input_seed,709,20626
freetype2-2017,aflplusplus_ast_o3,aflplusplus_ast_f0,1619,19825
freetype2-2017,aflplusplus_ast_o3,aflplusplus_ast_f1,212,19825
freetype2-2017,aflplusplus_ast_o3,aflplusplus_ast_o0,1255,19825
freetype2-2017,aflplusplus_ast_o3,aflplusplus_ast_o1,233,19825
freetype2-2017,aflplusplus_ast_o3,aflplusplus_ast_o2,461,19825
freetype2-2017,aflplusplus_ast_o3,aflplusplus_ast_o3,0,19825
freetype2-2017,aflplusplus_ast_o3,aflplusplus_ast_o3_native,2488,19825
freetype2-2017,aflplusplus_ast_o3,aflplusplus_ast_opt_disable,3680,19825
freetype2-2017,aflplusplus_ast_o3,aflplusplus_ast_opt_l1,3625,19825
freetype2-2017,aflplusplus_ast_o3,afl_from_input_seed,464,19825
bloaty_fuzz_target,aflplusplus_ast_f0,aflplusplus_ast_f0,0,9278
bloaty_fuzz_target,aflplusplus_ast_f0,aflplusplus_ast_f1,264,9278
bloaty_fuzz_target,aflplusplus_ast_f0,aflplusplus_ast_o0,369,9278
bloaty_fuzz_target,aflplusplus_ast_f0,aflplusplus_ast_o1,213,9278
bloaty_fuzz_target,aflplusplus_ast_f0,aflplusplus_ast_o2,584,9278
bloaty_fuzz_target,aflplusplus_ast_f0,aflplusplus_ast_o3,504,9278
bloaty_fuzz_target,aflplusplus_ast_f1,aflplusplus_ast_f0,325,9339
bloaty_fuzz_target,aflplusplus_ast_f1,aflplusplus_ast_f1,0,9339
bloaty_fuzz_target,aflplusplus_ast_f1,aflplusplus_ast_o0,397,9339
bloaty_fuzz_target,aflplusplus_ast_f1,aflplusplus_ast_o1,161,9339
bloaty_fuzz_target,aflplusplus_ast_f1,aflplusplus_ast_o2,596,9339
bloaty_fuzz_target,aflplusplus_ast_f1,aflplusplus_ast_o3,452,9339
bloaty_fuzz_target,aflplusplus_ast_o0,aflplusplus_ast_f0,210,9119
bloaty_fuzz_target,aflplusplus_ast_o0,aflplusplus_ast_f1,177,9119
bloaty_fuzz_target,aflplusplus_ast_o0,aflplusplus_ast_o0,0,9119
bloaty_fuzz_target,aflplusplus_ast_o0,aflplusplus_ast_o1,131,9119
bloaty_fuzz_target,aflplusplus_ast_o0,aflplusplus_ast_o2,515,9119
bloaty_fuzz_target,aflplusplus_ast_o0,aflplusplus_ast_o3,458,9119
bloaty_fuzz_target,aflplusplus_ast_o1,aflplusplus_ast_f0,511,9576
bloaty_fuzz_target,aflplusplus_ast_o1,aflplusplus_ast_f1,398,9576
bloaty_fuzz_target,aflplusplus_ast_o1,aflplusplus_ast_o0,588,9576
bloaty_fuzz_target,aflplusplus_ast_o1,aflplusplus_ast_o1,0,9576
bloaty_fuzz_target,aflplusplus_ast_o1,aflplusplus_ast_o2,811,9576
bloaty_fuzz_target,aflplusplus_ast_o1,aflplusplus_ast_o3,691,9576
bloaty_fuzz_target,aflplusplus_ast_o2,aflplusplus_ast_f0,200,8894
bloaty_fuzz_target,aflplusplus_ast_o2,aflplusplus_ast_f1,151,8894
bloaty_fuzz_target,aflplusplus_ast_o2,aflplusplus_ast_o0,290,8894
bloaty_fuzz_target,aflplusplus_ast_o2,aflplusplus_ast_o1,129,8894
bloaty_fuzz_target,aflplusplus_ast_o2,aflplusplus_ast_o2,0,8894
bloaty_fuzz_target,aflplusplus_ast_o2,aflplusplus_ast_o3,339,8894
bloaty_fuzz_target,aflplusplus_ast_o3,aflplusplus_ast_f0,143,8917
bloaty_fuzz_target,aflplusplus_ast_o3,aflplusplus_ast_f1,30,8917
bloaty_fuzz_target,aflplusplus_ast_o3,aflplusplus_ast_o0,256,8917
bloaty_fuzz_target,aflplusplus_ast_o3,aflplusplus_ast_o1,32,8917
bloaty_fuzz_target,aflplusplus_ast_o3,aflplusplus_ast_o2,362,8917
bloaty_fuzz_target,aflplusplus_ast_o3,aflplusplus_ast_o3,0,8917
vorbis-2017-12-11,aflplusplus_ast_o3_native,aflplusplus_ast_f0,1,2280
vorbis-2017-12-11,aflplusplus_ast_o3_native,aflplusplus_ast_f1,2,2280
vorbis-2017-12-11,aflplusplus_ast_o3_native,aflplusplus_ast_o0,2,2280
vorbis-2017-12-11,aflplusplus_ast_o3_native,aflplusplus_ast_o1,2,2280
vorbis-2017-12-11,aflplusplus_ast_o3_native,aflplusplus_ast_o2,0,2280
vorbis-2017-12-11,aflplusplus_ast_o3_native,aflplusplus_ast_o3,1,2280
vorbis-2017-12-11,aflplusplus_ast_o3_native,aflplusplus_ast_o3_native,0,2280
vorbis-2017-12-11,aflplusplus_ast_o3_native,aflplusplus_ast_opt_disable,5,2280
vorbis-2017-12-11,aflplusplus_ast_o3_native,aflplusplus_ast_opt_l1,5,2280
vorbis-2017-12-11,aflplusplus_ast_o3_native,aflplusplus_ast_o3_lto,7,2280
vorbis-2017-12-11,aflplusplus_ast_o3_native,afl_from_input_seed,9,2280
vorbis-2017-12-11,aflplusplus_ast_opt_disable,aflplusplus_ast_f0,9,2288
vorbis-2017-12-11,aflplusplus_ast_opt_disable,aflplusplus_ast_f1,9,2288
vorbis-2017-12-11,aflplusplus_ast_opt_disable,aflplusplus_ast_o0,1,2288
vorbis-2017-12-11,aflplusplus_ast_opt_disable,aflplusplus_ast_o1,6,2288
vorbis-2017-12-11,aflplusplus_ast_opt_disable,aflplusplus_ast_o2,10,2288
vorbis-2017-12-11,aflplusplus_ast_opt_disable,aflplusplus_ast_o3,7,2288
vorbis-2017-12-11,aflplusplus_ast_opt_disable,aflplusplus_ast_o3_native,13,2288
vorbis-2017-12-11,aflplusplus_ast_opt_disable,aflplusplus_ast_opt_disable,0,2288
vorbis-2017-12-11,aflplusplus_ast_opt_disable,aflplusplus_ast_opt_l1,4,2288
vorbis-2017-12-11,aflplusplus_ast_opt_disable,aflplusplus_ast_o3_lto,13,2288
vorbis-2017-12-11,aflplusplus_ast_opt_disable,afl_from_input_seed,17,2288
vorbis-2017-12-11,aflplusplus_ast_opt_l1,aflplusplus_ast_f0,8,2286
vorbis-2017-12-11,aflplusplus_ast_opt_l1,aflplusplus_ast_f1,9,2286
vorbis-2017-12-11,aflplusplus_ast_opt_l1,aflplusplus_ast_o0,0,2286
vorbis-2017-12-11,aflplusplus_ast_opt_l1,aflplusplus_ast_o1,7,2286
vorbis-2017-12-11,aflplusplus_ast_opt_l1,aflplusplus_ast_o2,8,2286
vorbis-2017-12-11,aflplusplus_ast_opt_l1,aflplusplus_ast_o3,6,2286
vorbis-2017-12-11,aflplusplus_ast_opt_l1,aflplusplus_ast_o3_native,11,2286
vorbis-2017-12-11,aflplusplus_ast_opt_l1,aflplusplus_ast_opt_disable,2,2286
vorbis-2017-12-11,aflplusplus_ast_opt_l1,aflplusplus_ast_opt_l1,0,2286
vorbis-2017-12-11,aflplusplus_ast_opt_l1,aflplusplus_ast_o3_lto,14,2286
vorbis-2017-12-11,aflplusplus_ast_opt_l1,afl_from_input_seed,17,2286
freetype2-2017,aflplusplus_ast_o3_native,aflplusplus_ast_f0,177,17493
freetype2-2017,aflplusplus_ast_o3_native,aflplusplus_ast_f1,64,17493
freetype2-2017,aflplusplus_ast_o3_native,aflplusplus_ast_o0,178,17493
freetype2-2017,aflplusplus_ast_o3_native,aflplusplus_ast_o1,106,17493
freetype2-2017,aflplusplus_ast_o3_native,aflplusplus_ast_o2,106,17493
freetype2-2017,aflplusplus_ast_o3_native,aflplusplus_ast_o3,156,17493
freetype2-2017,aflplusplus_ast_o3_native,aflplusplus_ast_o3_native,0,17493
freetype2-2017,aflplusplus_ast_o3_native,aflplusplus_ast_opt_disable,1697,17493
freetype2-2017,aflplusplus_ast_o3_native,aflplusplus_ast_opt_l1,1666,17493
freetype2-2017,aflplusplus_ast_o3_native,afl_from_input_seed,138,17493
freetype2-2017,aflplusplus_ast_opt_disable,aflplusplus_ast_f0,109,16211
freetype2-2017,aflplusplus_ast_opt_disable,aflplusplus_ast_f1,124,16211
freetype2-2017,aflplusplus_ast_opt_disable,aflplusplus_ast_o0,89,16211
freetype2-2017,aflplusplus_ast_opt_disable,aflplusplus_ast_o1,101,16211
freetype2-2017,aflplusplus_ast_opt_disable,aflplusplus_ast_o2,79,16211
freetype2-2017,aflplusplus_ast_opt_disable,aflplusplus_ast_o3,66,16211
freetype2-2017,aflplusplus_ast_opt_disable,aflplusplus_ast_o3_native,415,16211
freetype2-2017,aflplusplus_ast_opt_disable,aflplusplus_ast_opt_disable,0,16211
freetype2-2017,aflplusplus_ast_opt_disable,aflplusplus_ast_opt_l1,219,16211
freetype2-2017,aflplusplus_ast_opt_disable,afl_from_input_seed,183,16211
freetype2-2017,aflplusplus_ast_opt_l1,aflplusplus_ast_f0,180,16336
freetype2-2017,aflplusplus_ast_opt_l1,aflplusplus_ast_f1,290,16336
freetype2-2017,aflplusplus_ast_opt_l1,aflplusplus_ast_o0,239,16336
freetype2-2017,aflplusplus_ast_opt_l1,aflplusplus_ast_o1,170,16336
freetype2-2017,aflplusplus_ast_opt_l1,aflplusplus_ast_o2,132,16336
freetype2-2017,aflplusplus_ast_opt_l1,aflplusplus_ast_o3,136,16336
freetype2-2017,aflplusplus_ast_opt_l1,aflplusplus_ast_o3_native,509,16336
freetype2-2017,aflplusplus_ast_opt_l1,aflplusplus_ast_opt_disable,344,16336
freetype2-2017,aflplusplus_ast_opt_l1,aflplusplus_ast_opt_l1,0,16336
freetype2-2017,aflplusplus_ast_opt_l1,afl_from_input_seed,213,16336
vorbis-2017-12-11,aflplusplus_ast_o3_lto,aflplusplus_ast_f0,2,2276
vorbis-2017-12-11,aflplusplus_ast_o3_lto,aflplusplus_ast_f1,2,2276
vorbis-2017-12-11,aflplusplus_ast_o3_lto,aflplusplus_ast_o0,0,2276
vorbis-2017-12-11,aflplusplus_ast_o3_lto,aflplusplus_ast_o1,2,2276
vorbis-2017-12-11,aflplusplus_ast_o3_lto,aflplusplus_ast_o2,2,2276
vorbis-2017-12-11,aflplusplus_ast_o3_lto,aflplusplus_ast_o3,1,2276
vorbis-2017-12-11,aflplusplus_ast_o3_lto,aflplusplus_ast_o3_native,3,2276
vorbis-2017-12-11,aflplusplus_ast_o3_lto,aflplusplus_ast_opt_disable,1,2276
vorbis-2017-12-11,aflplusplus_ast_o3_lto,aflplusplus_ast_opt_l1,4,2276
vorbis-2017-12-11,aflplusplus_ast_o3_lto,aflplusplus_ast_o3_lto,0,2276
vorbis-2017-12-11,aflplusplus_ast_o3_lto,afl_from_input_seed,8,2276
libjpeg-turbo-07-2017,aflplusplus_ast_o3_lto,aflplusplus_ast_f0,2,3366
libjpeg-turbo-07-2017,aflplusplus_ast_o3_lto,aflplusplus_ast_f1,0,3366
libjpeg-turbo-07-2017,aflplusplus_ast_o3_lto,aflplusplus_ast_o0,0,3366
libjpeg-turbo-07-2017,aflplusplus_ast_o3_lto,aflplusplus_ast_o1,0,3366
libjpeg-turbo-07-2017,aflplusplus_ast_o3_lto,aflplusplus_ast_o2,2,3366
libjpeg-turbo-07-2017,aflplusplus_ast_o3_lto,aflplusplus_ast_o3,2,3366
libjpeg-turbo-07-2017,aflplusplus_ast_o3_lto,aflplusplus_ast_o3_lto,0,3366
libjpeg-turbo-07-2017,aflplusplus_ast_o3_lto,aflplusplus_ast_o3_native,16,3366
libjpeg-turbo-07-2017,aflplusplus_ast_o3_lto,afl_from_input_seed,17,3366
libjpeg-turbo-07-2017,aflplusplus_ast_o3_native,aflplusplus_ast_f0,3,3351
libjpeg-turbo-07-2017,aflplusplus_ast_o3_native,aflplusplus_ast_f1,0,3351
libjpeg-turbo-07-2017,aflplusplus_ast_o3_native,aflplusplus_ast_o0,0,3351
libjpeg-turbo-07-2017,aflplusplus_ast_o3_native,aflplusplus_ast_o1,0,3351
libjpeg-turbo-07-2017,aflplusplus_ast_o3_native,aflplusplus_ast_o2,0,3351
libjpeg-turbo-07-2017,aflplusplus_ast_o3_native,aflplusplus_ast_o3,0,3351
libjpeg-turbo-07-2017,aflplusplus_ast_o3_native,aflplusplus_ast_o3_lto,1,3351
libjpeg-turbo-07-2017,aflplusplus_ast_o3_native,aflplusplus_ast_o3_native,0,3351
libjpeg-turbo-07-2017,aflplusplus_ast_o3_native,afl_from_input_seed,4,3351
freetype2-2017,afl_from_input_seed,aflplusplus_ast_f0,2270,20993
freetype2-2017,afl_from_input_seed,aflplusplus_ast_f1,762,20993
freetype2-2017,afl_from_input_seed,aflplusplus_ast_o0,1776,20993
freetype2-2017,afl_from_input_seed,aflplusplus_ast_o1,739,20993
freetype2-2017,afl_from_input_seed,aflplusplus_ast_o2,1076,20993
freetype2-2017,afl_from_input_seed,aflplusplus_ast_o3,1632,20993
freetype2-2017,afl_from_input_seed,aflplusplus_ast_o3_native,3638,20993
freetype2-2017,afl_from_input_seed,aflplusplus_ast_opt_disable,4965,20993
freetype2-2017,afl_from_input_seed,aflplusplus_ast_opt_l1,4870,20993
freetype2-2017,afl_from_input_seed,afl_from_input_seed,0,20993
libjpeg-turbo-07-2017,afl_from_input_seed,aflplusplus_ast_f0,3,3351
libjpeg-turbo-07-2017,afl_from_input_seed,aflplusplus_ast_f1,0,3351
libjpeg-turbo-07-2017,afl_from_input_seed,aflplusplus_ast_o0,0,3351
libjpeg-turbo-07-2017,afl_from_input_seed,aflplusplus_ast_o1,0,3351
libjpeg-turbo-07-2017,afl_from_input_seed,aflplusplus_ast_o2,0,3351
libjpeg-turbo-07-2017,afl_from_input_seed,aflplusplus_ast_o3,0,3351
libjpeg-turbo-07-2017,afl_from_input_seed,aflplusplus_ast_o3_lto,2,3351
libjpeg-turbo-07-2017,afl_from_input_seed,aflplusplus_ast_o3_native,4,3351
libjpeg-turbo-07-2017,afl_from_input_seed,afl_from_input_seed,0,3351
vorbis-2017-12-11,afl_from_input_seed,aflplusplus_ast_f0,0,2273
vorbis-2017-12-11,afl_from_input_seed,aflplusplus_ast_f1,0,2273
vorbis-2017-12-11,afl_from_input_seed,aflplusplus_ast_o0,2,2273
vorbis-2017-12-11,afl_from_input_seed,aflplusplus_ast_o1,0,2273
vorbis-2017-12-11,afl_from_input_seed,aflplusplus_ast_o2,1,2273
vorbis-2017-12-11,afl_from_input_seed,aflplusplus_ast_o3,1,2273
vorbis-2017-12-11,afl_from_input_seed,aflplusplus_ast_o3_native,2,2273
vorbis-2017-12-11,afl_from_input_seed,aflplusplus_ast_opt_disable,2,2273
vorbis-2017-12-11,afl_from_input_seed,aflplusplus_ast_opt_l1,4,2273
vorbis-2017-12-11,afl_from_input_seed,aflplusplus_ast_o3_lto,5,2273
vorbis-2017-12-11,afl_from_input_seed,afl_from_input_seed,0,2273
bloaty_fuzz_target,aflplusplus_ast_f0,aflplusplus_ast_f0,0,8846
bloaty_fuzz_target,aflplusplus_ast_f0,aflplusplus_ast_f1,101,8846
bloaty_fuzz_target,aflplusplus_ast_f0,aflplusplus_ast_o0,124,8846
bloaty_fuzz_target,aflplusplus_ast_f0,aflplusplus_ast_o1,179,8846
bloaty_fuzz_target,aflplusplus_ast_f0,aflplusplus_ast_o2,378,8846
bloaty_fuzz_target,aflplusplus_ast_f0,aflplusplus_ast_o3,148,8846
bloaty_fuzz_target,aflplusplus_ast_f0,aflplusplus_ast_o3_native,176,8846
bloaty_fuzz_target,aflplusplus_ast_f0,aflplusplus_ast_opt_disable,3,8846
bloaty_fuzz_target,aflplusplus_ast_f0,aflplusplus_ast_opt_l1,6,8846
bloaty_fuzz_target,aflplusplus_ast_f0,aflplusplus_ast_o0_lto,47,8846
bloaty_fuzz_target,aflplusplus_ast_f0,aflplusplus_ast_o3_lto,34,8846
bloaty_fuzz_target,aflplusplus_ast_f0,afl_from_input_seed,89,8846
bloaty_fuzz_target,aflplusplus_ast_f1,aflplusplus_ast_f0,370,9115
bloaty_fuzz_target,aflplusplus_ast_f1,aflplusplus_ast_f1,0,9115
bloaty_fuzz_target,aflplusplus_ast_f1,aflplusplus_ast_o0,245,9115
bloaty_fuzz_target,aflplusplus_ast_f1,aflplusplus_ast_o1,341,9115
bloaty_fuzz_target,aflplusplus_ast_f1,aflplusplus_ast_o2,391,9115
bloaty_fuzz_target,aflplusplus_ast_f1,aflplusplus_ast_o3,334,9115
bloaty_fuzz_target,aflplusplus_ast_f1,aflplusplus_ast_o3_native,193,9115
bloaty_fuzz_target,aflplusplus_ast_f1,aflplusplus_ast_opt_disable,8,9115
bloaty_fuzz_target,aflplusplus_ast_f1,aflplusplus_ast_opt_l1,11,9115
bloaty_fuzz_target,aflplusplus_ast_f1,aflplusplus_ast_o0_lto,23,9115
bloaty_fuzz_target,aflplusplus_ast_f1,aflplusplus_ast_o3_lto,10,9115
bloaty_fuzz_target,aflplusplus_ast_f1,afl_from_input_seed,131,9115
bloaty_fuzz_target,aflplusplus_ast_o0,aflplusplus_ast_f0,322,9044
bloaty_fuzz_target,aflplusplus_ast_o0,aflplusplus_ast_f1,174,9044
bloaty_fuzz_target,aflplusplus_ast_o0,aflplusplus_ast_o0,0,9044
bloaty_fuzz_target,aflplusplus_ast_o0,aflplusplus_ast_o1,352,9044
bloaty_fuzz_target,aflplusplus_ast_o0,aflplusplus_ast_o2,395,9044
bloaty_fuzz_target,aflplusplus_ast_o0,aflplusplus_ast_o3,291,9044
bloaty_fuzz_target,aflplusplus_ast_o0,aflplusplus_ast_o3_native,246,9044
bloaty_fuzz_target,aflplusplus_ast_o0,aflplusplus_ast_opt_disable,11,9044
bloaty_fuzz_target,aflplusplus_ast_o0,aflplusplus_ast_opt_l1,8,9044
bloaty_fuzz_target,aflplusplus_ast_o0,aflplusplus_ast_o0_lto,22,9044
bloaty_fuzz_target,aflplusplus_ast_o0,aflplusplus_ast_o3_lto,11,9044
bloaty_fuzz_target,aflplusplus_ast_o0,afl_from_input_seed,174,9044
bloaty_fuzz_target,aflplusplus_ast_o1,aflplusplus_ast_f0,395,9062
bloaty_fuzz_target,aflplusplus_ast_o1,aflplusplus_ast_f1,288,9062
bloaty_fuzz_target,aflplusplus_ast_o1,aflplusplus_ast_o0,370,9062
bloaty_fuzz_target,aflplusplus_ast_o1,aflplusplus_ast_o1,0,9062
bloaty_fuzz_target,aflplusplus_ast_o1,aflplusplus_ast_o2,395,9062
bloaty_fuzz_target,aflplusplus_ast_o1,aflplusplus_ast_o3,210,9062
bloaty_fuzz_target,aflplusplus_ast_o1,aflplusplus_ast_o3_native,392,9062
bloaty_fuzz_target,aflplusplus_ast_o1,aflplusplus_ast_opt_disable,24,9062
bloaty_fuzz_target,aflplusplus_ast_o1,aflplusplus_ast_opt_l1,16,9062
bloaty_fuzz_target,aflplusplus_ast_o1,aflplusplus_ast_o0_lto,10,9062
bloaty_fuzz_target,aflplusplus_ast_o1,aflplusplus_ast_o3_lto,0,9062
bloaty_fuzz_target,aflplusplus_ast_o1,afl_from_input_seed,91,9062
bloaty_fuzz_target,aflplusplus_ast_o2,aflplusplus_ast_f0,665,9133
bloaty_fuzz_target,aflplusplus_ast_o2,aflplusplus_ast_f1,409,9133
bloaty_fuzz_target,aflplusplus_ast_o2,aflplusplus_ast_o0,484,9133
bloaty_fuzz_target,aflplusplus_ast_o2,aflplusplus_ast_o1,466,9133
bloaty_fuzz_target,aflplusplus_ast_o2,aflplusplus_ast_o2,0,9133
bloaty_fuzz_target,aflplusplus_ast_o2,aflplusplus_ast_o3,433,9133
bloaty_fuzz_target,aflplusplus_ast_o2,aflplusplus_ast_o3_native,366,9133
bloaty_fuzz_target,aflplusplus_ast_o2,aflplusplus_ast_opt_disable,19,9133
bloaty_fuzz_target,aflplusplus_ast_o2,aflplusplus_ast_opt_l1,10,9133
bloaty_fuzz_target,aflplusplus_ast_o2,aflplusplus_ast_o0_lto,10,9133
bloaty_fuzz_target,aflplusplus_ast_o2,aflplusplus_ast_o3_lto,2,9133
bloaty_fuzz_target,aflplusplus_ast_o2,afl_from_input_seed,197,9133
bloaty_fuzz_target,aflplusplus_ast_o3,aflplusplus_ast_f0,360,9058
bloaty_fuzz_target,aflplusplus_ast_o3,aflplusplus_ast_f1,277,9058
bloaty_fuzz_target,aflplusplus_ast_o3,aflplusplus_ast_o0,305,9058
bloaty_fuzz_target,aflplusplus_ast_o3,aflplusplus_ast_o1,206,9058
bloaty_fuzz_target,aflplusplus_ast_o3,aflplusplus_ast_o2,358,9058
bloaty_fuzz_target,aflplusplus_ast_o3,aflplusplus_ast_o3,0,9058
bloaty_fuzz_target,aflplusplus_ast_o3,aflplusplus_ast_o3_native,321,9058
bloaty_fuzz_target,aflplusplus_ast_o3,aflplusplus_ast_opt_disable,7,9058
bloaty_fuzz_target,aflplusplus_ast_o3,aflplusplus_ast_opt_l1,7,9058
bloaty_fuzz_target,aflplusplus_ast_o3,aflplusplus_ast_o0_lto,43,9058
bloaty_fuzz_target,aflplusplus_ast_o3,aflplusplus_ast_o3_lto,32,9058
bloaty_fuzz_target,aflplusplus_ast_o3,afl_from_input_seed,89,9058
bloaty_fuzz_target,aflplusplus_ast_o3_native,aflplusplus_ast_f0,392,9062
bloaty_fuzz_target,aflplusplus_ast_o3_native,aflplusplus_ast_f1,140,9062
bloaty_fuzz_target,aflplusplus_ast_o3_native,aflplusplus_ast_o0,264,9062
bloaty_fuzz_target,aflplusplus_ast_o3_native,aflplusplus_ast_o1,392,9062
bloaty_fuzz_target,aflplusplus_ast_o3_native,aflplusplus_ast_o2,295,9062
bloaty_fuzz_target,aflplusplus_ast_o3_native,aflplusplus_ast_o3,325,9062
bloaty_fuzz_target,aflplusplus_ast_o3_native,aflplusplus_ast_o3_native,0,9062
bloaty_fuzz_target,aflplusplus_ast_o3_native,aflplusplus_ast_opt_disable,2,9062
bloaty_fuzz_target,aflplusplus_ast_o3_native,aflplusplus_ast_opt_l1,6,9062
bloaty_fuzz_target,aflplusplus_ast_o3_native,aflplusplus_ast_o0_lto,18,9062
bloaty_fuzz_target,aflplusplus_ast_o3_native,aflplusplus_ast_o3_lto,9,9062
bloaty_fuzz_target,aflplusplus_ast_o3_native,afl_from_input_seed,170,9062
bloaty_fuzz_target,aflplusplus_ast_opt_disable,aflplusplus_ast_f0,1741,10584
bloaty_fuzz_target,aflplusplus_ast_opt_disable,aflplusplus_ast_f1,1477,10584
bloaty_fuzz_target,aflplusplus_ast_opt_disable,aflplusplus_ast_o0,1551,10584
bloaty_fuzz_target,aflplusplus_ast_opt_disable,aflplusplus_ast_o1,1546,10584
bloaty_fuzz_target,aflplusplus_ast_opt_disable,aflplusplus_ast_o2,1470,10584
bloaty_fuzz_target,aflplusplus_ast_opt_disable,aflplusplus_ast_o3,1533,10584
bloaty_fuzz_target,aflplusplus_ast_opt_disable,aflplusplus_ast_o3_native,1524,10584
bloaty_fuzz_target,aflplusplus_ast_opt_disable,aflplusplus_ast_opt_disable,0,10584
bloaty_fuzz_target,aflplusplus_ast_opt_disable,aflplusplus_ast_opt_l1,141,10584
bloaty_fuzz_target,aflplusplus_ast_opt_disable,aflplusplus_ast_o0_lto,111,10584
bloaty_fuzz_target,aflplusplus_ast_opt_disable,aflplusplus_ast_o3_lto,66,10584
bloaty_fuzz_target,aflplusplus_ast_opt_disable,afl_from_input_seed,1259,10584
bloaty_fuzz_target,aflplusplus_ast_opt_l1,aflplusplus_ast_f0,1918,10758
bloaty_fuzz_target,aflplusplus_ast_opt_l1,aflplusplus_ast_f1,1654,10758
bloaty_fuzz_target,aflplusplus_ast_opt_l1,aflplusplus_ast_o0,1722,10758
bloaty_fuzz_target,aflplusplus_ast_opt_l1,aflplusplus_ast_o1,1712,10758
bloaty_fuzz_target,aflplusplus_ast_opt_l1,aflplusplus_ast_o2,1635,10758
bloaty_fuzz_target,aflplusplus_ast_opt_l1,aflplusplus_ast_o3,1707,10758
bloaty_fuzz_target,aflplusplus_ast_opt_l1,aflplusplus_ast_o3_native,1702,10758
bloaty_fuzz_target,aflplusplus_ast_opt_l1,aflplusplus_ast_opt_disable,315,10758
bloaty_fuzz_target,aflplusplus_ast_opt_l1,aflplusplus_ast_opt_l1,0,10758
bloaty_fuzz_target,aflplusplus_ast_opt_l1,aflplusplus_ast_o0_lto,106,10758
bloaty_fuzz_target,aflplusplus_ast_opt_l1,aflplusplus_ast_o3_lto,57,10758
bloaty_fuzz_target,aflplusplus_ast_opt_l1,afl_from_input_seed,1423,10758
bloaty_fuzz_target,aflplusplus_ast_o0_lto,aflplusplus_ast_f0,2228,11027
bloaty_fuzz_target,aflplusplus_ast_o0_lto,aflplusplus_ast_f1,1935,11027
bloaty_fuzz_target,aflplusplus_ast_o0_lto,aflplusplus_ast_o0,2005,11027
bloaty_fuzz_target,aflplusplus_ast_o0_lto,aflplusplus_ast_o1,1975,11027
bloaty_fuzz_target,aflplusplus_ast_o0_lto,aflplusplus_ast_o2,1904,11027
bloaty_fuzz_target,aflplusplus_ast_o0_lto,aflplusplus_ast_o3,2012,11027
bloaty_fuzz_target,aflplusplus_ast_o0_lto,aflplusplus_ast_o3_native,1983,11027
bloaty_fuzz_target,aflplusplus_ast_o0_lto,aflplusplus_ast_opt_disable,554,11027
bloaty_fuzz_target,aflplusplus_ast_o0_lto,aflplusplus_ast_opt_l1,375,11027
bloaty_fuzz_target,aflplusplus_ast_o0_lto,aflplusplus_ast_o0_lto,0,11027
bloaty_fuzz_target,aflplusplus_ast_o0_lto,aflplusplus_ast_o3_lto,36,11027
bloaty_fuzz_target,aflplusplus_ast_o0_lto,afl_from_input_seed,1697,11027
bloaty_fuzz_target,aflplusplus_ast_o3_lto,aflplusplus_ast_f0,2834,11646
bloaty_fuzz_target,aflplusplus_ast_o3_lto,aflplusplus_ast_f1,2541,11646
bloaty_fuzz_target,aflplusplus_ast_o3_lto,aflplusplus_ast_o0,2613,11646
bloaty_fuzz_target,aflplusplus_ast_o3_lto,aflplusplus_ast_o1,2584,11646
bloaty_fuzz_target,aflplusplus_ast_o3_lto,aflplusplus_ast_o2,2515,11646
bloaty_fuzz_target,aflplusplus_ast_o3_lto,aflplusplus_ast_o3,2620,11646
bloaty_fuzz_target,aflplusplus_ast_o3_lto,aflplusplus_ast_o3_native,2593,11646
bloaty_fuzz_target,aflplusplus_ast_o3_lto,aflplusplus_ast_opt_disable,1128,11646
bloaty_fuzz_target,aflplusplus_ast_o3_lto,aflplusplus_ast_opt_l1,945,11646
bloaty_fuzz_target,aflplusplus_ast_o3_lto,aflplusplus_ast_o0_lto,655,11646
bloaty_fuzz_target,aflplusplus_ast_o3_lto,aflplusplus_ast_o3_lto,0,11646
bloaty_fuzz_target,aflplusplus_ast_o3_lto,afl_from_input_seed,2299,11646
bloaty_fuzz_target,afl_from_input_seed,aflplusplus_ast_f0,590,9347
bloaty_fuzz_target,afl_from_input_seed,aflplusplus_ast_f1,363,9347
bloaty_fuzz_target,afl_from_input_seed,aflplusplus_ast_o0,477,9347
bloaty_fuzz_target,afl_from_input_seed,aflplusplus_ast_o1,376,9347
bloaty_fuzz_target,afl_from_input_seed,aflplusplus_ast_o2,411,9347
bloaty_fuzz_target,afl_from_input_seed,aflplusplus_ast_o3,378,9347
bloaty_fuzz_target,afl_from_input_seed,aflplusplus_ast_o3_native,455,9347
bloaty_fuzz_target,afl_from_input_seed,aflplusplus_ast_opt_disable,22,9347
bloaty_fuzz_target,afl_from_input_seed,aflplusplus_ast_opt_l1,12,9347
bloaty_fuzz_target,afl_from_input_seed,aflplusplus_ast_o0_lto,17,9347
bloaty_fuzz_target,afl_from_input_seed,aflplusplus_ast_o3_lto,0,9347
bloaty_fuzz_target,afl_from_input_seed,afl_from_input_seed,0,9347
lcms-2017-03-21,aflplusplus_ast_f0,aflplusplus_ast_f0,0,2954
lcms-2017-03-21,aflplusplus_ast_f0,aflplusplus_ast_f1,146,2954
lcms-2017-03-21,aflplusplus_ast_f0,aflplusplus_ast_o0,123,2954
lcms-2017-03-21,aflplusplus_ast_f0,aflplusplus_ast_o1,632,2954
lcms-2017-03-21,aflplusplus_ast_f0,aflplusplus_ast_o2,533,2954
lcms-2017-03-21,aflplusplus_ast_f0,aflplusplus_ast_o3,95,2954
lcms-2017-03-21,aflplusplus_ast_f0,aflplusplus_ast_o3_native,23,2954
lcms-2017-03-21,aflplusplus_ast_f0,aflplusplus_ast_opt_disable,547,2954
lcms-2017-03-21,aflplusplus_ast_f0,aflplusplus_ast_opt_l1,721,2954
lcms-2017-03-21,aflplusplus_ast_f1,aflplusplus_ast_f0,92,2900
lcms-2017-03-21,aflplusplus_ast_f1,aflplusplus_ast_f1,0,2900
lcms-2017-03-21,aflplusplus_ast_f1,aflplusplus_ast_o0,182,2900
lcms-2017-03-21,aflplusplus_ast_f1,aflplusplus_ast_o1,653,2900
lcms-2017-03-21,aflplusplus_ast_f1,aflplusplus_ast_o2,616,2900
lcms-2017-03-21,aflplusplus_ast_f1,aflplusplus_ast_o3,78,2900
lcms-2017-03-21,aflplusplus_ast_f1,aflplusplus_ast_o3_native,51,2900
lcms-2017-03-21,aflplusplus_ast_f1,aflplusplus_ast_opt_disable,616,2900
lcms-2017-03-21,aflplusplus_ast_f1,aflplusplus_ast_opt_l1,793,2900
lcms-2017-03-21,aflplusplus_ast_o0,aflplusplus_ast_f0,37,2868
lcms-2017-03-21,aflplusplus_ast_o0,aflplusplus_ast_f1,150,2868
lcms-2017-03-21,aflplusplus_ast_o0,aflplusplus_ast_o0,0,2868
lcms-2017-03-21,aflplusplus_ast_o0,aflplusplus_ast_o1,540,2868
lcms-2017-03-21,aflplusplus_ast_o0,aflplusplus_ast_o2,445,2868
lcms-2017-03-21,aflplusplus_ast_o0,aflplusplus_ast_o3,100,2868
lcms-2017-03-21,aflplusplus_ast_o0,aflplusplus_ast_o3_native,26,2868
lcms-2017-03-21,aflplusplus_ast_o0,aflplusplus_ast_opt_disable,447,2868
lcms-2017-03-21,aflplusplus_ast_o0,aflplusplus_ast_opt_l1,631,2868
lcms-2017-03-21,aflplusplus_ast_o1,aflplusplus_ast_f0,118,2440
lcms-2017-03-21,aflplusplus_ast_o1,aflplusplus_ast_f1,193,2440
lcms-2017-03-21,aflplusplus_ast_o1,aflplusplus_ast_o0,112,2440
lcms-2017-03-21,aflplusplus_ast_o1,aflplusplus_ast_o1,0,2440
lcms-2017-03-21,aflplusplus_ast_o1,aflplusplus_ast_o2,25,2440
lcms-2017-03-21,aflplusplus_ast_o1,aflplusplus_ast_o3,172,2440
lcms-2017-03-21,aflplusplus_ast_o1,aflplusplus_ast_o3_native,103,2440
lcms-2017-03-21,aflplusplus_ast_o1,aflplusplus_ast_opt_disable,149,2440
lcms-2017-03-21,aflplusplus_ast_o1,aflplusplus_ast_opt_l1,287,2440
lcms-2017-03-21,aflplusplus_ast_o2,aflplusplus_ast_f0,110,2531
lcms-2017-03-21,aflplusplus_ast_o2,aflplusplus_ast_f1,247,2531
lcms-2017-03-21,aflplusplus_ast_o2,aflplusplus_ast_o0,108,2531
lcms-2017-03-21,aflplusplus_ast_o2,aflplusplus_ast_o1,116,2531
lcms-2017-03-21,aflplusplus_ast_o2,aflplusplus_ast_o2,0,2531
lcms-2017-03-21,aflplusplus_ast_o2,aflplusplus_ast_o3,172,2531
lcms-2017-03-21,aflplusplus_ast_o2,aflplusplus_ast_o3_native,104,2531
lcms-2017-03-21,aflplusplus_ast_o2,aflplusplus_ast_opt_disable,146,2531
lcms-2017-03-21,aflplusplus_ast_o2,aflplusplus_ast_opt_l1,318,2531
lcms-2017-03-21,aflplusplus_ast_o3,aflplusplus_ast_f0,144,3003
lcms-2017-03-21,aflplusplus_ast_o3,aflplusplus_ast_f1,181,3003
lcms-2017-03-21,aflplusplus_ast_o3,aflplusplus_ast_o0,235,3003
lcms-2017-03-21,aflplusplus_ast_o3,aflplusplus_ast_o1,735,3003
lcms-2017-03-21,aflplusplus_ast_o3,aflplusplus_ast_o2,644,3003
lcms-2017-03-21,aflplusplus_ast_o3,aflplusplus_ast_o3,0,3003
lcms-2017-03-21,aflplusplus_ast_o3,aflplusplus_ast_o3_native,80,3003
lcms-2017-03-21,aflplusplus_ast_o3,aflplusplus_ast_opt_disable,672,3003
lcms-2017-03-21,aflplusplus_ast_o3,aflplusplus_ast_opt_l1,850,3003
lcms-2017-03-21,aflplusplus_ast_o3_native,aflplusplus_ast_f0,183,3114
lcms-2017-03-21,aflplusplus_ast_o3_native,aflplusplus_ast_f1,265,3114
lcms-2017-03-21,aflplusplus_ast_o3_native,aflplusplus_ast_o0,272,3114
lcms-2017-03-21,aflplusplus_ast_o3_native,aflplusplus_ast_o1,777,3114
lcms-2017-03-21,aflplusplus_ast_o3_native,aflplusplus_ast_o2,687,3114
lcms-2017-03-21,aflplusplus_ast_o3_native,aflplusplus_ast_o3,191,3114
lcms-2017-03-21,aflplusplus_ast_o3_native,aflplusplus_ast_o3_native,0,3114
lcms-2017-03-21,aflplusplus_ast_o3_native,aflplusplus_ast_opt_disable,690,3114
lcms-2017-03-21,aflplusplus_ast_o3_native,aflplusplus_ast_opt_l1,875,3114
lcms-2017-03-21,aflplusplus_ast_opt_disable,aflplusplus_ast_f0,26,2433
lcms-2017-03-21,aflplusplus_ast_opt_disable,aflplusplus_ast_f1,149,2433
lcms-2017-03-21,aflplusplus_ast_opt_disable,aflplusplus_ast_o0,12,2433
lcms-2017-03-21,aflplusplus_ast_opt_disable,aflplusplus_ast_o1,142,2433
lcms-2017-03-21,aflplusplus_ast_opt_disable,aflplusplus_ast_o2,48,2433
lcms-2017-03-21,aflplusplus_ast_opt_disable,aflplusplus_ast_o3,102,2433
lcms-2017-03-21,aflplusplus_ast_opt_disable,aflplusplus_ast_o3_native,9,2433
lcms-2017-03-21,aflplusplus_ast_opt_disable,aflplusplus_ast_opt_disable,0,2433
lcms-2017-03-21,aflplusplus_ast_opt_disable,aflplusplus_ast_opt_l1,191,2433
lcms-2017-03-21,aflplusplus_ast_opt_l1,aflplusplus_ast_f0,15,2248
lcms-2017-03-21,aflplusplus_ast_opt_l1,aflplusplus_ast_f1,141,2248
lcms-2017-03-21,aflplusplus_ast_opt_l1,aflplusplus_ast_o0,11,2248
lcms-2017-03-21,aflplusplus_ast_opt_l1,aflplusplus_ast_o1,95,2248
lcms-2017-03-21,aflplusplus_ast_opt_l1,aflplusplus_ast_o2,35,2248
lcms-2017-03-21,aflplusplus_ast_opt_l1,aflplusplus_ast_o3,95,2248
lcms-2017-03-21,aflplusplus_ast_opt_l1,aflplusplus_ast_o3_native,9,2248
lcms-2017-03-21,aflplusplus_ast_opt_l1,aflplusplus_ast_opt_disable,6,2248
lcms-2017-03-21,aflplusplus_ast_opt_l1,aflplusplus_ast_opt_l1,0,2248
openthread-2019-12-23,aflplusplus_ast_f0,aflplusplus_ast_f0,0,6061
openthread-2019-12-23,aflplusplus_ast_f0,aflplusplus_ast_f1,10,6061
openthread-2019-12-23,aflplusplus_ast_f0,aflplusplus_ast_o0,114,6061
openthread-2019-12-23,aflplusplus_ast_f0,aflplusplus_ast_o1,1,6061
openthread-2019-12-23,aflplusplus_ast_f0,aflplusplus_ast_o2,10,6061
openthread-2019-12-23,aflplusplus_ast_f0,aflplusplus_ast_o3,8,6061
openthread-2019-12-23,aflplusplus_ast_f0,aflplusplus_ast_o3_native,7,6061
openthread-2019-12-23,aflplusplus_ast_f0,aflplusplus_ast_opt_disable,632,6061
openthread-2019-12-23,aflplusplus_ast_f0,aflplusplus_ast_opt_l1,632,6061
openthread-2019-12-23,aflplusplus_ast_f0,aflplusplus_ast_o0_lto,630,6061
openthread-2019-12-23,aflplusplus_ast_f0,aflplusplus_ast_o3_lto,630,6061
openthread-2019-12-23,aflplusplus_ast_f1,aflplusplus_ast_f0,2,6053
openthread-2019-12-23,aflplusplus_ast_f1,aflplusplus_ast_f1,0,6053
openthread-2019-12-23,aflplusplus_ast_f1,aflplusplus_ast_o0,106,6053
openthread-2019-12-23,aflplusplus_ast_f1,aflplusplus_ast_o1,0,6053
openthread-2019-12-23,aflplusplus_ast_f1,aflplusplus_ast_o2,8,6053
openthread-2019-12-23,aflplusplus_ast_f1,aflplusplus_ast_o3,6,6053
openthread-2019-12-23,aflplusplus_ast_f1,aflplusplus_ast_o3_native,7,6053
openthread-2019-12-23,aflplusplus_ast_f1,aflplusplus_ast_opt_disable,624,6053
openthread-2019-12-23,aflplusplus_ast_f1,aflplusplus_ast_opt_l1,624,6053
openthread-2019-12-23,aflplusplus_ast_f1,aflplusplus_ast_o0_lto,623,6053
openthread-2019-12-23,aflplusplus_ast_f1,aflplusplus_ast_o3_lto,622,6053
openthread-2019-12-23,aflplusplus_ast_o0,aflplusplus_ast_f0,5,5952
openthread-2019-12-23,aflplusplus_ast_o0,aflplusplus_ast_f1,5,5952
openthread-2019-12-23,aflplusplus_ast_o0,aflplusplus_ast_o0,0,5952
openthread-2019-12-23,aflplusplus_ast_o0,aflplusplus_ast_o1,3,5952
openthread-2019-12-23,aflplusplus_ast_o0,aflplusplus_ast_o2,2,5952
openthread-2019-12-23,aflplusplus_ast_o0,aflplusplus_ast_o3,3,5952
openthread-2019-12-23,aflplusplus_ast_o0,aflplusplus_ast_o3_native,2,5952
openthread-2019-12-23,aflplusplus_ast_o0,aflplusplus_ast_opt_disable,519,5952
openthread-2019-12-23,aflplusplus_ast_o0,aflplusplus_ast_opt_l1,520,5952
openthread-2019-12-23,aflplusplus_ast_o0,aflplusplus_ast_o0_lto,518,5952
openthread-2019-12-23,aflplusplus_ast_o0,aflplusplus_ast_o3_lto,519,5952
openthread-2019-12-23,aflplusplus_ast_o1,aflplusplus_ast_f0,68,6128
openthread-2019-12-23,aflplusplus_ast_o1,aflplusplus_ast_f1,75,6128
openthread-2019-12-23,aflplusplus_ast_o1,aflplusplus_ast_o0,179,6128
openthread-2019-12-23,aflplusplus_ast_o1,aflplusplus_ast_o1,0,6128
openthread-2019-12-23,aflplusplus_ast_o1,aflplusplus_ast_o2,26,6128
openthread-2019-12-23,aflplusplus_ast_o1,aflplusplus_ast_o3,72,6128
openthread-2019-12-23,aflplusplus_ast_o1,aflplusplus_ast_o3_native,72,6128
openthread-2019-12-23,aflplusplus_ast_o1,aflplusplus_ast_opt_disable,698,6128
openthread-2019-12-23,aflplusplus_ast_o1,aflplusplus_ast_opt_l1,698,6128
openthread-2019-12-23,aflplusplus_ast_o1,aflplusplus_ast_o0_lto,696,6128
openthread-2019-12-23,aflplusplus_ast_o1,aflplusplus_ast_o3_lto,695,6128
openthread-2019-12-23,aflplusplus_ast_o2,aflplusplus_ast_f0,634,6685
openthread-2019-12-23,aflplusplus_ast_o2,aflplusplus_ast_f1,640,6685
openthread-2019-12-23,aflplusplus_ast_o2,aflplusplus_ast_o0,735,6685
openthread-2019-12-23,aflplusplus_ast_o2,aflplusplus_ast_o1,583,6685
openthread-2019-12-23,aflplusplus_ast_o2,aflplusplus_ast_o2,0,6685
openthread-2019-12-23,aflplusplus_ast_o2,aflplusplus_ast_o3,630,6685
openthread-2019-12-23,aflplusplus_ast_o2,aflplusplus_ast_o3_native,629,6685
openthread-2019-12-23,aflplusplus_ast_o2,aflplusplus_ast_opt_disable,1254,6685
openthread-2019-12-23,aflplusplus_ast_o2,aflplusplus_ast_opt_l1,1255,6685
openthread-2019-12-23,aflplusplus_ast_o2,aflplusplus_ast_o0_lto,1253,6685
openthread-2019-12-23,aflplusplus_ast_o2,aflplusplus_ast_o3_lto,1252,6685
openthread-2019-12-23,aflplusplus_ast_o3,aflplusplus_ast_f0,6,6059
openthread-2019-12-23,aflplusplus_ast_o3,aflplusplus_ast_f1,12,6059
openthread-2019-12-23,aflplusplus_ast_o3,aflplusplus_ast_o0,110,6059
openthread-2019-12-23,aflplusplus_ast_o3,aflplusplus_ast_o1,3,6059
openthread-2019-12-23,aflplusplus_ast_o3,aflplusplus_ast_o2,4,6059
openthread-2019-12-23,aflplusplus_ast_o3,aflplusplus_ast_o3,0,6059
openthread-2019-12-23,aflplusplus_ast_o3,aflplusplus_ast_o3_native,3,6059
openthread-2019-12-23,aflplusplus_ast_o3,aflplusplus_ast_opt_disable,629,6059
openthread-2019-12-23,aflplusplus_ast_o3,aflplusplus_ast_opt_l1,629,6059
openthread-2019-12-23,aflplusplus_ast_o3,aflplusplus_ast_o0_lto,627,6059
openthread-2019-12-23,aflplusplus_ast_o3,aflplusplus_ast_o3_lto,626,6059
openthread-2019-12-23,aflplusplus_ast_o3_native,aflplusplus_ast_f0,5,6059
openthread-2019-12-23,aflplusplus_ast_o3_native,aflplusplus_ast_f1,13,6059
openthread-2019-12-23,aflplusplus_ast_o3_native,aflplusplus_ast_o0,109,6059
openthread-2019-12-23,aflplusplus_ast_o3_native,aflplusplus_ast_o1,3,6059
openthread-2019-12-23,aflplusplus_ast_o3_native,aflplusplus_ast_o2,3,6059
openthread-2019-12-23,aflplusplus_ast_o3_native,aflplusplus_ast_o3,3,6059
openthread-2019-12-23,aflplusplus_ast_o3_native,aflplusplus_ast_o3_native,0,6059
openthread-2019-12-23,aflplusplus_ast_o3_native,aflplusplus_ast_opt_disable,628,6059
openthread-2019-12-23,aflplusplus_ast_o3_native,aflplusplus_ast_opt_l1,628,6059
openthread-2019-12-23,aflplusplus_ast_o3_native,aflplusplus_ast_o0_lto,626,6059
openthread-2019-12-23,aflplusplus_ast_o3_native,aflplusplus_ast_o3_lto,625,6059
openthread-2019-12-23,aflplusplus_ast_opt_disable,aflplusplus_ast_f0,4,5433
openthread-2019-12-23,aflplusplus_ast_opt_disable,aflplusplus_ast_f1,4,5433
openthread-2019-12-23,aflplusplus_ast_opt_disable,aflplusplus_ast_o0,0,5433
openthread-2019-12-23,aflplusplus_ast_opt_disable,aflplusplus_ast_o1,3,5433
openthread-2019-12-23,aflplusplus_ast_opt_disable,aflplusplus_ast_o2,2,5433
openthread-2019-12-23,aflplusplus_ast_opt_disable,aflplusplus_ast_o3,3,5433
openthread-2019-12-23,aflplusplus_ast_opt_disable,aflplusplus_ast_o3_native,2,5433
openthread-2019-12-23,aflplusplus_ast_opt_disable,aflplusplus_ast_opt_disable,0,5433
openthread-2019-12-23,aflplusplus_ast_opt_disable,aflplusplus_ast_opt_l1,1,5433
openthread-2019-12-23,aflplusplus_ast_opt_disable,aflplusplus_ast_o0_lto,0,5433
openthread-2019-12-23,aflplusplus_ast_opt_disable,aflplusplus_ast_o3_lto,3,5433
openthread-2019-12-23,aflplusplus_ast_opt_l1,aflplusplus_ast_f0,4,5433
openthread-2019-12-23,aflplusplus_ast_opt_l1,aflplusplus_ast_f1,4,5433
openthread-2019-12-23,aflplusplus_ast_opt_l1,aflplusplus_ast_o0,1,5433
openthread-2019-12-23,aflplusplus_ast_opt_l1,aflplusplus_ast_o1,3,5433
openthread-2019-12-23,aflplusplus_ast_opt_l1,aflplusplus_ast_o2,3,5433
openthread-2019-12-23,aflplusplus_ast_opt_l1,aflplusplus_ast_o3,3,5433
openthread-2019-12-23,aflplusplus_ast_opt_l1,aflplusplus_ast_o3_native,2,5433
openthread-2019-12-23,aflplusplus_ast_opt_l1,aflplusplus_ast_opt_disable,1,5433
openthread-2019-12-23,aflplusplus_ast_opt_l1,aflplusplus_ast_opt_l1,0,5433
openthread-2019-12-23,aflplusplus_ast_opt_l1,aflplusplus_ast_o0_lto,0,5433
openthread-2019-12-23,aflplusplus_ast_opt_l1,aflplusplus_ast_o3_lto,2,5433
openthread-2019-12-23,aflplusplus_ast_o0_lto,aflplusplus_ast_f0,16,5447
openthread-2019-12-23,aflplusplus_ast_o0_lto,aflplusplus_ast_f1,17,5447
openthread-2019-12-23,aflplusplus_ast_o0_lto,aflplusplus_ast_o0,13,5447
openthread-2019-12-23,aflplusplus_ast_o0_lto,aflplusplus_ast_o1,15,5447
openthread-2019-12-23,aflplusplus_ast_o0_lto,aflplusplus_ast_o2,15,5447
openthread-2019-12-23,aflplusplus_ast_o0_lto,aflplusplus_ast_o3,15,5447
openthread-2019-12-23,aflplusplus_ast_o0_lto,aflplusplus_ast_o3_native,14,5447
openthread-2019-12-23,aflplusplus_ast_o0_lto,aflplusplus_ast_opt_disable,14,5447
openthread-2019-12-23,aflplusplus_ast_o0_lto,aflplusplus_ast_opt_l1,14,5447
openthread-2019-12-23,aflplusplus_ast_o0_lto,aflplusplus_ast_o0_lto,0,5447
openthread-2019-12-23,aflplusplus_ast_o0_lto,aflplusplus_ast_o3_lto,15,5447
openthread-2019-12-23,aflplusplus_ast_o3_lto,aflplusplus_ast_f0,3,5434
openthread-2019-12-23,aflplusplus_ast_o3_lto,aflplusplus_ast_f1,3,5434
openthread-2019-12-23,aflplusplus_ast_o3_lto,aflplusplus_ast_o0,1,5434
openthread-2019-12-23,aflplusplus_ast_o3_lto,aflplusplus_ast_o1,1,5434
openthread-2019-12-23,aflplusplus_ast_o3_lto,aflplusplus_ast_o2,1,5434
openthread-2019-12-23,aflplusplus_ast_o3_lto,aflplusplus_ast_o3,1,5434
openthread-2019-12-23,aflplusplus_ast_o3_lto,aflplusplus_ast_o3_native,0,5434
openthread-2019-12-23,aflplusplus_ast_o3_lto,aflplusplus_ast_opt_disable,4,5434
openthread-2019-12-23,aflplusplus_ast_o3_lto,aflplusplus_ast_opt_l1,3,5434
openthread-2019-12-23,aflplusplus_ast_o3_lto,aflplusplus_ast_o0_lto,2,5434
openthread-2019-12-23,aflplusplus_ast_o3_lto,aflplusplus_ast_o3_lto,0,5434
sqlite3_ossfuzz,aflplusplus_ast_f0,aflplusplus_ast_f0,0,30503
sqlite3_ossfuzz,aflplusplus_ast_f0,aflplusplus_ast_f1,2622,30503
sqlite3_ossfuzz,aflplusplus_ast_f0,aflplusplus_ast_o0,3202,30503
sqlite3_ossfuzz,aflplusplus_ast_f0,aflplusplus_ast_o1,1831,30503
sqlite3_ossfuzz,aflplusplus_ast_f0,aflplusplus_ast_o2,3218,30503
sqlite3_ossfuzz,aflplusplus_ast_f0,aflplusplus_ast_o3,2025,30503
sqlite3_ossfuzz,aflplusplus_ast_f0,aflplusplus_ast_o3_native,2263,30503
sqlite3_ossfuzz,aflplusplus_ast_f0,aflplusplus_ast_opt_disable,1162,30503
sqlite3_ossfuzz,aflplusplus_ast_f0,aflplusplus_ast_opt_l1,895,30503
sqlite3_ossfuzz,aflplusplus_ast_f0,aflplusplus_ast_o0_lto,990,30503
sqlite3_ossfuzz,aflplusplus_ast_f0,aflplusplus_ast_o3_lto,738,30503
sqlite3_ossfuzz,aflplusplus_ast_f0,afl_from_input_seed,1818,30503
sqlite3_ossfuzz,aflplusplus_ast_f1,aflplusplus_ast_f0,1790,29671
sqlite3_ossfuzz,aflplusplus_ast_f1,aflplusplus_ast_f1,0,29671
sqlite3_ossfuzz,aflplusplus_ast_f1,aflplusplus_ast_o0,2804,29671
sqlite3_ossfuzz,aflplusplus_ast_f1,aflplusplus_ast_o1,1996,29671
sqlite3_ossfuzz,aflplusplus_ast_f1,aflplusplus_ast_o2,3236,29671
sqlite3_ossfuzz,aflplusplus_ast_f1,aflplusplus_ast_o3,1473,29671
sqlite3_ossfuzz,aflplusplus_ast_f1,aflplusplus_ast_o3_native,2482,29671
sqlite3_ossfuzz,aflplusplus_ast_f1,aflplusplus_ast_opt_disable,1057,29671
sqlite3_ossfuzz,aflplusplus_ast_f1,aflplusplus_ast_opt_l1,722,29671
sqlite3_ossfuzz,aflplusplus_ast_f1,aflplusplus_ast_o0_lto,824,29671
sqlite3_ossfuzz,aflplusplus_ast_f1,aflplusplus_ast_o3_lto,781,29671
sqlite3_ossfuzz,aflplusplus_ast_f1,afl_from_input_seed,1436,29671
sqlite3_ossfuzz,aflplusplus_ast_o0,aflplusplus_ast_f0,314,27615
sqlite3_ossfuzz,aflplusplus_ast_o0,aflplusplus_ast_f1,748,27615
sqlite3_ossfuzz,aflplusplus_ast_o0,aflplusplus_ast_o0,0,27615
sqlite3_ossfuzz,aflplusplus_ast_o0,aflplusplus_ast_o1,341,27615
sqlite3_ossfuzz,aflplusplus_ast_o0,aflplusplus_ast_o2,1445,27615
sqlite3_ossfuzz,aflplusplus_ast_o0,aflplusplus_ast_o3,461,27615
sqlite3_ossfuzz,aflplusplus_ast_o0,aflplusplus_ast_o3_native,559,27615
sqlite3_ossfuzz,aflplusplus_ast_o0,aflplusplus_ast_opt_disable,168,27615
sqlite3_ossfuzz,aflplusplus_ast_o0,aflplusplus_ast_opt_l1,112,27615
sqlite3_ossfuzz,aflplusplus_ast_o0,aflplusplus_ast_o0_lto,143,27615
sqlite3_ossfuzz,aflplusplus_ast_o0,aflplusplus_ast_o3_lto,114,27615
sqlite3_ossfuzz,aflplusplus_ast_o0,afl_from_input_seed,432,27615
sqlite3_ossfuzz,aflplusplus_ast_o1,aflplusplus_ast_f0,2069,30741
sqlite3_ossfuzz,aflplusplus_ast_o1,aflplusplus_ast_f1,3066,30741
sqlite3_ossfuzz,aflplusplus_ast_o1,aflplusplus_ast_o0,3467,30741
sqlite3_ossfuzz,aflplusplus_ast_o1,aflplusplus_ast_o1,0,30741
sqlite3_ossfuzz,aflplusplus_ast_o1,aflplusplus_ast_o2,3599,30741
sqlite3_ossfuzz,aflplusplus_ast_o1,aflplusplus_ast_o3,2001,30741
sqlite3_ossfuzz,aflplusplus_ast_o1,aflplusplus_ast_o3_native,2603,30741
sqlite3_ossfuzz,aflplusplus_ast_o1,aflplusplus_ast_opt_disable,996,30741
sqlite3_ossfuzz,aflplusplus_ast_o1,aflplusplus_ast_opt_l1,994,30741
sqlite3_ossfuzz,aflplusplus_ast_o1,aflplusplus_ast_o0_lto,962,30741
sqlite3_ossfuzz,aflplusplus_ast_o1,aflplusplus_ast_o3_lto,1108,30741
sqlite3_ossfuzz,aflplusplus_ast_o1,afl_from_input_seed,1840,30741
sqlite3_ossfuzz,aflplusplus_ast_o2,aflplusplus_ast_f0,816,28101
sqlite3_ossfuzz,aflplusplus_ast_o2,aflplusplus_ast_f1,1666,28101
sqlite3_ossfuzz,aflplusplus_ast_o2,aflplusplus_ast_o0,1931,28101
sqlite3_ossfuzz,aflplusplus_ast_o2,aflplusplus_ast_o1,959,28101
sqlite3_ossfuzz,aflplusplus_ast_o2,aflplusplus_ast_o2,0,28101
sqlite3_ossfuzz,aflplusplus_ast_o2,aflplusplus_ast_o3,1452,28101
sqlite3_ossfuzz,aflplusplus_ast_o2,aflplusplus_ast_o3_native,1291,28101
sqlite3_ossfuzz,aflplusplus_ast_o2,aflplusplus_ast_opt_disable,927,28101
sqlite3_ossfuzz,aflplusplus_ast_o2,aflplusplus_ast_opt_l1,877,28101
sqlite3_ossfuzz,aflplusplus_ast_o2,aflplusplus_ast_o0_lto,938,28101
sqlite3_ossfuzz,aflplusplus_ast_o2,aflplusplus_ast_o3_lto,792,28101
sqlite3_ossfuzz,aflplusplus_ast_o2,afl_from_input_seed,1267,28101
sqlite3_ossfuzz,aflplusplus_ast_o3,aflplusplus_ast_f0,2283,30761
sqlite3_ossfuzz,aflplusplus_ast_o3,aflplusplus_ast_f1,2563,30761
sqlite3_ossfuzz,aflplusplus_ast_o3,aflplusplus_ast_o0,3607,30761
sqlite3_ossfuzz,aflplusplus_ast_o3,aflplusplus_ast_o1,2021,30761
sqlite3_ossfuzz,aflplusplus_ast_o3,aflplusplus_ast_o2,4112,30761
sqlite3_ossfuzz,aflplusplus_ast_o3,aflplusplus_ast_o3,0,30761
sqlite3_ossfuzz,aflplusplus_ast_o3,aflplusplus_ast_o3_native,3137,30761
sqlite3_ossfuzz,aflplusplus_ast_o3,aflplusplus_ast_opt_disable,1242,30761
sqlite3_ossfuzz,aflplusplus_ast_o3,aflplusplus_ast_opt_l1,908,30761
sqlite3_ossfuzz,aflplusplus_ast_o3,aflplusplus_ast_o0_lto,1168,30761
sqlite3_ossfuzz,aflplusplus_ast_o3,aflplusplus_ast_o3_lto,947,30761
sqlite3_ossfuzz,aflplusplus_ast_o3,afl_from_input_seed,1080,30761
sqlite3_ossfuzz,aflplusplus_ast_o3_native,aflplusplus_ast_f0,836,29076
sqlite3_ossfuzz,aflplusplus_ast_o3_native,aflplusplus_ast_f1,1887,29076
sqlite3_ossfuzz,aflplusplus_ast_o3_native,aflplusplus_ast_o0,2020,29076
sqlite3_ossfuzz,aflplusplus_ast_o3_native,aflplusplus_ast_o1,938,29076
sqlite3_ossfuzz,aflplusplus_ast_o3_native,aflplusplus_ast_o2,2266,29076
sqlite3_ossfuzz,aflplusplus_ast_o3_native,aflplusplus_ast_o3,1452,29076
sqlite3_ossfuzz,aflplusplus_ast_o3_native,aflplusplus_ast_o3_native,0,29076
sqlite3_ossfuzz,aflplusplus_ast_o3_native,aflplusplus_ast_opt_disable,724,29076
sqlite3_ossfuzz,aflplusplus_ast_o3_native,aflplusplus_ast_opt_l1,594,29076
sqlite3_ossfuzz,aflplusplus_ast_o3_native,aflplusplus_ast_o0_lto,759,29076
sqlite3_ossfuzz,aflplusplus_ast_o3_native,aflplusplus_ast_o3_lto,549,29076
sqlite3_ossfuzz,aflplusplus_ast_o3_native,afl_from_input_seed,1155,29076
sqlite3_ossfuzz,aflplusplus_ast_opt_disable,aflplusplus_ast_f0,3662,33003
sqlite3_ossfuzz,aflplusplus_ast_opt_disable,aflplusplus_ast_f1,4389,33003
sqlite3_ossfuzz,aflplusplus_ast_opt_disable,aflplusplus_ast_o0,5556,33003
sqlite3_ossfuzz,aflplusplus_ast_opt_disable,aflplusplus_ast_o1,3258,33003
sqlite3_ossfuzz,aflplusplus_ast_opt_disable,aflplusplus_ast_o2,5829,33003
sqlite3_ossfuzz,aflplusplus_ast_opt_disable,aflplusplus_ast_o3,3484,33003
sqlite3_ossfuzz,aflplusplus_ast_opt_disable,aflplusplus_ast_o3_native,4651,33003
sqlite3_ossfuzz,aflplusplus_ast_opt_disable,aflplusplus_ast_opt_disable,0,33003
sqlite3_ossfuzz,aflplusplus_ast_opt_disable,aflplusplus_ast_opt_l1,931,33003
sqlite3_ossfuzz,aflplusplus_ast_opt_disable,aflplusplus_ast_o0_lto,1097,33003
sqlite3_ossfuzz,aflplusplus_ast_opt_disable,aflplusplus_ast_o3_lto,1166,33003
sqlite3_ossfuzz,aflplusplus_ast_opt_disable,afl_from_input_seed,3410,33003
sqlite3_ossfuzz,aflplusplus_ast_opt_l1,aflplusplus_ast_f0,4695,34303
sqlite3_ossfuzz,aflplusplus_ast_opt_l1,aflplusplus_ast_f1,5354,34303
sqlite3_ossfuzz,aflplusplus_ast_opt_l1,aflplusplus_ast_o0,6800,34303
sqlite3_ossfuzz,aflplusplus_ast_opt_l1,aflplusplus_ast_o1,4556,34303
sqlite3_ossfuzz,aflplusplus_ast_opt_l1,aflplusplus_ast_o2,7079,34303
sqlite3_ossfuzz,aflplusplus_ast_opt_l1,aflplusplus_ast_o3,4450,34303
sqlite3_ossfuzz,aflplusplus_ast_opt_l1,aflplusplus_ast_o3_native,5821,34303
sqlite3_ossfuzz,aflplusplus_ast_opt_l1,aflplusplus_ast_opt_disable,2231,34303
sqlite3_ossfuzz,aflplusplus_ast_opt_l1,aflplusplus_ast_opt_l1,0,34303
sqlite3_ossfuzz,aflplusplus_ast_opt_l1,aflplusplus_ast_o0_lto,1763,34303
sqlite3_ossfuzz,aflplusplus_ast_opt_l1,aflplusplus_ast_o3_lto,1993,34303
sqlite3_ossfuzz,aflplusplus_ast_opt_l1,afl_from_input_seed,4232,34303
sqlite3_ossfuzz,aflplusplus_ast_o0_lto,aflplusplus_ast_f0,4478,33991
sqlite3_ossfuzz,aflplusplus_ast_o0_lto,aflplusplus_ast_f1,5144,33991
sqlite3_ossfuzz,aflplusplus_ast_o0_lto,aflplusplus_ast_o0,6519,33991
sqlite3_ossfuzz,aflplusplus_ast_o0_lto,aflplusplus_ast_o1,4212,33991
sqlite3_ossfuzz,aflplusplus_ast_o0_lto,aflplusplus_ast_o2,6828,33991
sqlite3_ossfuzz,aflplusplus_ast_o0_lto,aflplusplus_ast_o3,4398,33991
sqlite3_ossfuzz,aflplusplus_ast_o0_lto,aflplusplus_ast_o3_native,5674,33991
sqlite3_ossfuzz,aflplusplus_ast_o0_lto,aflplusplus_ast_opt_disable,2085,33991
sqlite3_ossfuzz,aflplusplus_ast_o0_lto,aflplusplus_ast_opt_l1,1451,33991
sqlite3_ossfuzz,aflplusplus_ast_o0_lto,aflplusplus_ast_o0_lto,0,33991
sqlite3_ossfuzz,aflplusplus_ast_o0_lto,aflplusplus_ast_o3_lto,1708,33991
sqlite3_ossfuzz,aflplusplus_ast_o0_lto,afl_from_input_seed,4115,33991
sqlite3_ossfuzz,aflplusplus_ast_o3_lto,aflplusplus_ast_f0,5353,35118
sqlite3_ossfuzz,aflplusplus_ast_o3_lto,aflplusplus_ast_f1,6228,35118
sqlite3_ossfuzz,aflplusplus_ast_o3_lto,aflplusplus_ast_o0,7617,35118
sqlite3_ossfuzz,aflplusplus_ast_o3_lto,aflplusplus_ast_o1,5485,35118
sqlite3_ossfuzz,aflplusplus_ast_o3_lto,aflplusplus_ast_o2,7809,35118
sqlite3_ossfuzz,aflplusplus_ast_o3_lto,aflplusplus_ast_o3,5304,35118
sqlite3_ossfuzz,aflplusplus_ast_o3_lto,aflplusplus_ast_o3_native,6591,35118
sqlite3_ossfuzz,aflplusplus_ast_o3_lto,aflplusplus_ast_opt_disable,3281,35118
sqlite3_ossfuzz,aflplusplus_ast_o3_lto,aflplusplus_ast_opt_l1,2808,35118
sqlite3_ossfuzz,aflplusplus_ast_o3_lto,aflplusplus_ast_o0_lto,2835,35118
sqlite3_ossfuzz,aflplusplus_ast_o3_lto,aflplusplus_ast_o3_lto,0,35118
sqlite3_ossfuzz,aflplusplus_ast_o3_lto,afl_from_input_seed,4964,35118
sqlite3_ossfuzz,afl_from_input_seed,aflplusplus_ast_f0,2527,31212
sqlite3_ossfuzz,afl_from_input_seed,aflplusplus_ast_f1,2977,31212
sqlite3_ossfuzz,afl_from_input_seed,aflplusplus_ast_o0,4029,31212
sqlite3_ossfuzz,afl_from_input_seed,aflplusplus_ast_o1,2311,31212
sqlite3_ossfuzz,afl_from_input_seed,aflplusplus_ast_o2,4378,31212
sqlite3_ossfuzz,afl_from_input_seed,aflplusplus_ast_o3,1531,31212
sqlite3_ossfuzz,afl_from_input_seed,aflplusplus_ast_o3_native,3291,31212
sqlite3_ossfuzz,afl_from_input_seed,aflplusplus_ast_opt_disable,1619,31212
sqlite3_ossfuzz,afl_from_input_seed,aflplusplus_ast_opt_l1,1141,31212
sqlite3_ossfuzz,afl_from_input_seed,aflplusplus_ast_o0_lto,1336,31212
sqlite3_ossfuzz,afl_from_input_seed,aflplusplus_ast_o3_lto,1058,31212
sqlite3_ossfuzz,afl_from_input_seed,afl_from_input_seed,0,31212
woff2-2016-05-06,aflplusplus_ast_f0,aflplusplus_ast_f0,0,4751
woff2-2016-05-06,aflplusplus_ast_f0,aflplusplus_ast_f1,226,4751
woff2-2016-05-06,aflplusplus_ast_f0,aflplusplus_ast_o0,19,4751
woff2-2016-05-06,aflplusplus_ast_f0,aflplusplus_ast_o1,20,4751
woff2-2016-05-06,aflplusplus_ast_f0,aflplusplus_ast_o2,9,4751
woff2-2016-05-06,aflplusplus_ast_f0,aflplusplus_ast_o3,33,4751
woff2-2016-05-06,aflplusplus_ast_f0,aflplusplus_ast_o3_native,22,4751
woff2-2016-05-06,aflplusplus_ast_f0,aflplusplus_ast_opt_disable,544,4751
woff2-2016-05-06,aflplusplus_ast_f0,aflplusplus_ast_opt_l1,522,4751
woff2-2016-05-06,aflplusplus_ast_f0,aflplusplus_ast_o0_lto,488,4751
woff2-2016-05-06,aflplusplus_ast_f0,aflplusplus_ast_o3_lto,476,4751
woff2-2016-05-06,aflplusplus_ast_f0,afl_from_input_seed,38,4751
woff2-2016-05-06,aflplusplus_ast_f1,aflplusplus_ast_f0,43,4568
woff2-2016-05-06,aflplusplus_ast_f1,aflplusplus_ast_f1,0,4568
woff2-2016-05-06,aflplusplus_ast_f1,aflplusplus_ast_o0,34,4568
woff2-2016-05-06,aflplusplus_ast_f1,aflplusplus_ast_o1,33,4568
woff2-2016-05-06,aflplusplus_ast_f1,aflplusplus_ast_o2,2,4568
woff2-2016-05-06,aflplusplus_ast_f1,aflplusplus_ast_o3,0,4568
woff2-2016-05-06,aflplusplus_ast_f1,aflplusplus_ast_o3_native,23,4568
woff2-2016-05-06,aflplusplus_ast_f1,aflplusplus_ast_opt_disable,355,4568
woff2-2016-05-06,aflplusplus_ast_f1,aflplusplus_ast_opt_l1,341,4568
woff2-2016-05-06,aflplusplus_ast_f1,aflplusplus_ast_o0_lto,297,4568
woff2-2016-05-06,aflplusplus_ast_f1,aflplusplus_ast_o3_lto,267,4568
woff2-2016-05-06,aflplusplus_ast_f1,afl_from_input_seed,9,4568
woff2-2016-05-06,aflplusplus_ast_o0,aflplusplus_ast_f0,36,4768
woff2-2016-05-06,aflplusplus_ast_o0,aflplusplus_ast_f1,234,4768
woff2-2016-05-06,aflplusplus_ast_o0,aflplusplus_ast_o0,0,4768
woff2-2016-05-06,aflplusplus_ast_o0,aflplusplus_ast_o1,36,4768
woff2-2016-05-06,aflplusplus_ast_o0,aflplusplus_ast_o2,9,4768
woff2-2016-05-06,aflplusplus_ast_o0,aflplusplus_ast_o3,37,4768
woff2-2016-05-06,aflplusplus_ast_o0,aflplusplus_ast_o3_native,28,4768
woff2-2016-05-06,aflplusplus_ast_o0,aflplusplus_ast_opt_disable,541,4768
woff2-2016-05-06,aflplusplus_ast_o0,aflplusplus_ast_opt_l1,531,4768
woff2-2016-05-06,aflplusplus_ast_o0,aflplusplus_ast_o0_lto,501,4768
woff2-2016-05-06,aflplusplus_ast_o0,aflplusplus_ast_o3_lto,483,4768
woff2-2016-05-06,aflplusplus_ast_o0,afl_from_input_seed,46,4768
woff2-2016-05-06,aflplusplus_ast_o1,aflplusplus_ast_f0,36,4767
woff2-2016-05-06,aflplusplus_ast_o1,aflplusplus_ast_f1,232,4767
woff2-2016-05-06,aflplusplus_ast_o1,aflplusplus_ast_o0,35,4767
woff2-2016-05-06,aflplusplus_ast_o1,aflplusplus_ast_o1,0,4767
woff2-2016-05-06,aflplusplus_ast_o1,aflplusplus_ast_o2,2,4767
woff2-2016-05-06,aflplusplus_ast_o1,aflplusplus_ast_o3,39,4767
woff2-2016-05-06,aflplusplus_ast_o1,aflplusplus_ast_o3_native,26,4767
woff2-2016-05-06,aflplusplus_ast_o1,aflplusplus_ast_opt_disable,567,4767
woff2-2016-05-06,aflplusplus_ast_o1,aflplusplus_ast_opt_l1,542,4767
woff2-2016-05-06,aflplusplus_ast_o1,aflplusplus_ast_o0_lto,514,4767
woff2-2016-05-06,aflplusplus_ast_o1,aflplusplus_ast_o3_lto,474,4767
woff2-2016-05-06,aflplusplus_ast_o1,afl_from_input_seed,45,4767
woff2-2016-05-06,aflplusplus_ast_o2,aflplusplus_ast_f0,139,4881
woff2-2016-05-06,aflplusplus_ast_o2,aflplusplus_ast_f1,315,4881
woff2-2016-05-06,aflplusplus_ast_o2,aflplusplus_ast_o0,122,4881
woff2-2016-05-06,aflplusplus_ast_o2,aflplusplus_ast_o1,116,4881
woff2-2016-05-06,aflplusplus_ast_o2,aflplusplus_ast_o2,0,4881
woff2-2016-05-06,aflplusplus_ast_o2,aflplusplus_ast_o3,108,4881
woff2-2016-05-06,aflplusplus_ast_o2,aflplusplus_ast_o3_native,103,4881
woff2-2016-05-06,aflplusplus_ast_o2,aflplusplus_ast_opt_disable,655,4881
woff2-2016-05-06,aflplusplus_ast_o2,aflplusplus_ast_opt_l1,603,4881
woff2-2016-05-06,aflplusplus_ast_o2,aflplusplus_ast_o0_lto,588,4881
woff2-2016-05-06,aflplusplus_ast_o2,aflplusplus_ast_o3_lto,520,4881
woff2-2016-05-06,aflplusplus_ast_o2,afl_from_input_seed,115,4881
woff2-2016-05-06,aflplusplus_ast_o3,aflplusplus_ast_f0,64,4782
woff2-2016-05-06,aflplusplus_ast_o3,aflplusplus_ast_f1,214,4782
woff2-2016-05-06,aflplusplus_ast_o3,aflplusplus_ast_o0,51,4782
woff2-2016-05-06,aflplusplus_ast_o3,aflplusplus_ast_o1,54,4782
woff2-2016-05-06,aflplusplus_ast_o3,aflplusplus_ast_o2,9,4782
woff2-2016-05-06,aflplusplus_ast_o3,aflplusplus_ast_o3,0,4782
woff2-2016-05-06,aflplusplus_ast_o3,aflplusplus_ast_o3_native,29,4782
woff2-2016-05-06,aflplusplus_ast_o3,aflplusplus_ast_opt_disable,556,4782
woff2-2016-05-06,aflplusplus_ast_o3,aflplusplus_ast_opt_l1,541,4782
woff2-2016-05-06,aflplusplus_ast_o3,aflplusplus_ast_o0_lto,487,4782
woff2-2016-05-06,aflplusplus_ast_o3,aflplusplus_ast_o3_lto,459,4782
woff2-2016-05-06,aflplusplus_ast_o3,afl_from_input_seed,18,4782
woff2-2016-05-06,aflplusplus_ast_o3_native,aflplusplus_ast_f0,65,4794
woff2-2016-05-06,aflplusplus_ast_o3_native,aflplusplus_ast_f1,249,4794
woff2-2016-05-06,aflplusplus_ast_o3_native,aflplusplus_ast_o0,54,4794
woff2-2016-05-06,aflplusplus_ast_o3_native,aflplusplus_ast_o1,53,4794
woff2-2016-05-06,aflplusplus_ast_o3_native,aflplusplus_ast_o2,16,4794
woff2-2016-05-06,aflplusplus_ast_o3_native,aflplusplus_ast_o3,41,4794
woff2-2016-05-06,aflplusplus_ast_o3_native,aflplusplus_ast_o3_native,0,4794
woff2-2016-05-06,aflplusplus_ast_o3_native,aflplusplus_ast_opt_disable,588,4794
woff2-2016-05-06,aflplusplus_ast_o3_native,aflplusplus_ast_opt_l1,554,4794
woff2-2016-05-06,aflplusplus_ast_o3_native,aflplusplus_ast_o0_lto,514,4794
woff2-2016-05-06,aflplusplus_ast_o3_native,aflplusplus_ast_o3_lto,477,4794
woff2-2016-05-06,aflplusplus_ast_o3_native,afl_from_input_seed,52,4794
woff2-2016-05-06,aflplusplus_ast_opt_disable,aflplusplus_ast_f0,27,4234
woff2-2016-05-06,aflplusplus_ast_opt_disable,aflplusplus_ast_f1,21,4234
woff2-2016-05-06,aflplusplus_ast_opt_disable,aflplusplus_ast_o0,7,4234
woff2-2016-05-06,aflplusplus_ast_opt_disable,aflplusplus_ast_o1,34,4234
woff2-2016-05-06,aflplusplus_ast_opt_disable,aflplusplus_ast_o2,8,4234
woff2-2016-05-06,aflplusplus_ast_opt_disable,aflplusplus_ast_o3,8,4234
woff2-2016-05-06,aflplusplus_ast_opt_disable,aflplusplus_ast_o3_native,28,4234
woff2-2016-05-06,aflplusplus_ast_opt_disable,aflplusplus_ast_opt_disable,0,4234
woff2-2016-05-06,aflplusplus_ast_opt_disable,aflplusplus_ast_opt_l1,43,4234
woff2-2016-05-06,aflplusplus_ast_opt_disable,aflplusplus_ast_o0_lto,13,4234
woff2-2016-05-06,aflplusplus_ast_opt_disable,aflplusplus_ast_o3_lto,24,4234
woff2-2016-05-06,aflplusplus_ast_opt_disable,afl_from_input_seed,11,4234
woff2-2016-05-06,aflplusplus_ast_opt_l1,aflplusplus_ast_f0,56,4285
woff2-2016-05-06,aflplusplus_ast_opt_l1,aflplusplus_ast_f1,58,4285
woff2-2016-05-06,aflplusplus_ast_opt_l1,aflplusplus_ast_o0,48,4285
woff2-2016-05-06,aflplusplus_ast_opt_l1,aflplusplus_ast_o1,60,4285
woff2-2016-05-06,aflplusplus_ast_opt_l1,aflplusplus_ast_o2,7,4285
woff2-2016-05-06,aflplusplus_ast_opt_l1,aflplusplus_ast_o3,44,4285
woff2-2016-05-06,aflplusplus_ast_opt_l1,aflplusplus_ast_o3_native,45,4285
woff2-2016-05-06,aflplusplus_ast_opt_l1,aflplusplus_ast_opt_disable,94,4285
woff2-2016-05-06,aflplusplus_ast_opt_l1,aflplusplus_ast_opt_l1,0,4285
woff2-2016-05-06,aflplusplus_ast_opt_l1,aflplusplus_ast_o0_lto,67,4285
woff2-2016-05-06,aflplusplus_ast_opt_l1,aflplusplus_ast_o3_lto,8,4285
woff2-2016-05-06,aflplusplus_ast_opt_l1,afl_from_input_seed,45,4285
woff2-2016-05-06,aflplusplus_ast_o0_lto,aflplusplus_ast_f0,38,4301
woff2-2016-05-06,aflplusplus_ast_o0_lto,aflplusplus_ast_f1,30,4301
woff2-2016-05-06,aflplusplus_ast_o0_lto,aflplusplus_ast_o0,34,4301
woff2-2016-05-06,aflplusplus_ast_o0_lto,aflplusplus_ast_o1,48,4301
woff2-2016-05-06,aflplusplus_ast_o0_lto,aflplusplus_ast_o2,8,4301
woff2-2016-05-06,aflplusplus_ast_o0_lto,aflplusplus_ast_o3,6,4301
woff2-2016-05-06,aflplusplus_ast_o0_lto,aflplusplus_ast_o3_native,21,4301
woff2-2016-05-06,aflplusplus_ast_o0_lto,aflplusplus_ast_opt_disable,80,4301
woff2-2016-05-06,aflplusplus_ast_o0_lto,aflplusplus_ast_opt_l1,83,4301
woff2-2016-05-06,aflplusplus_ast_o0_lto,aflplusplus_ast_o0_lto,0,4301
woff2-2016-05-06,aflplusplus_ast_o0_lto,aflplusplus_ast_o3_lto,27,4301
woff2-2016-05-06,aflplusplus_ast_o0_lto,afl_from_input_seed,14,4301
woff2-2016-05-06,aflplusplus_ast_o3_lto,aflplusplus_ast_f0,207,4482
woff2-2016-05-06,aflplusplus_ast_o3_lto,aflplusplus_ast_f1,181,4482
woff2-2016-05-06,aflplusplus_ast_o3_lto,aflplusplus_ast_o0,197,4482
woff2-2016-05-06,aflplusplus_ast_o3_lto,aflplusplus_ast_o1,189,4482
woff2-2016-05-06,aflplusplus_ast_o3_lto,aflplusplus_ast_o2,121,4482
woff2-2016-05-06,aflplusplus_ast_o3_lto,aflplusplus_ast_o3,159,4482
woff2-2016-05-06,aflplusplus_ast_o3_lto,aflplusplus_ast_o3_native,165,4482
woff2-2016-05-06,aflplusplus_ast_o3_lto,aflplusplus_ast_opt_disable,272,4482
woff2-2016-05-06,aflplusplus_ast_o3_lto,aflplusplus_ast_opt_l1,205,4482
woff2-2016-05-06,aflplusplus_ast_o3_lto,aflplusplus_ast_o0_lto,208,4482
woff2-2016-05-06,aflplusplus_ast_o3_lto,aflplusplus_ast_o3_lto,0,4482
woff2-2016-05-06,aflplusplus_ast_o3_lto,afl_from_input_seed,161,4482
woff2-2016-05-06,afl_from_input_seed,aflplusplus_ast_f0,56,4769
woff2-2016-05-06,afl_from_input_seed,aflplusplus_ast_f1,210,4769
woff2-2016-05-06,afl_from_input_seed,aflplusplus_ast_o0,47,4769
woff2-2016-05-06,afl_from_input_seed,aflplusplus_ast_o1,47,4769
woff2-2016-05-06,afl_from_input_seed,aflplusplus_ast_o2,3,4769
woff2-2016-05-06,afl_from_input_seed,aflplusplus_ast_o3,5,4769
woff2-2016-05-06,afl_from_input_seed,aflplusplus_ast_o3_native,27,4769
woff2-2016-05-06,afl_from_input_seed,aflplusplus_ast_opt_disable,546,4769
woff2-2016-05-06,afl_from_input_seed,aflplusplus_ast_opt_l1,529,4769
woff2-2016-05-06,afl_from_input_seed,aflplusplus_ast_o0_lto,482,4769
woff2-2016-05-06,afl_from_input_seed,aflplusplus_ast_o3_lto,448,4769
woff2-2016-05-06,afl_from_input_seed,afl_from_input_seed,0,4769