,git_hash,experiment_filestore,experiment,fuzzer,benchmark,time_started,time_ended,trial_id,time,edges_covered,fuzzer_stats,crash_key,bugs_covered
0,23b47148183fae6cbfcdf65c698dffe01fe3d532,/home/b/tmp/ast-fuzz/experiment-data,exp-2022-04-22-00-58-08,aflplusplus_ast_o0,libpng-1.2.56,2022-04-21 23:08:41.160289,2022-04-22 03:18:43.912757,76,900,2064,,,0
13,23b47148183fae6cbfcdf65c698dffe01fe3d532,/home/b/tmp/ast-fuzz/experiment-data,exp-2022-04-22-00-58-08,aflplusplus_ast_o0,libpng-1.2.56,2022-04-21 23:08:41.160289,2022-04-22 03:18:43.912757,76,1800,2064,,,0
25,23b47148183fae6cbfcdf65c698dffe01fe3d532,/home/b/tmp/ast-fuzz/experiment-data,exp-2022-04-22-00-58-08,aflplusplus_ast_o0,libpng-1.2.56,2022-04-21 23:08:41.160289,2022-04-22 03:18:43.912757,76,2700,2064,,,0
46,23b47148183fae6cbfcdf65c698dffe01fe3d532,/home/b/tmp/ast-fuzz/experiment-data,exp-2022-04-22-00-58-08,aflplusplus_ast_o0,libpng-1.2.56,2022-04-21 23:08:41.160289,2022-04-22 03:18:43.912757,76,3600,2065,,,0
58,23b47148183fae6cbfcdf65c698dffe01fe3d532,/home/b/tmp/ast-fuzz/experiment-data,exp-2022-04-22-00-58-08,aflplusplus_ast_o0,libpng-1.2.56,2022-04-21 23:08:41.160289,2022-04-22 03:18:43.912757,76,4500,2065,,,0
60,23b47148183fae6cbfcdf65c698dffe01fe3d532,/home/b/tmp/ast-fuzz/experiment-data,exp-2022-04-22-00-58-08,aflplusplus_ast_o0,libpng-1.2.56,2022-04-21 23:08:41.160289,2022-04-22 03:18:43.912757,76,5400,2065,,,0
80,23b47148183fae6cbfcdf65c698dffe01fe3d532,/home/b/tmp/ast-fuzz/experiment-data,exp-2022-04-22-00-58-08,aflplusplus_ast_o0,libpng-1.2.56,2022-04-21 23:08:41.160289,2022-04-22 03:18:43.912757,76,6300,2065,,,0
87,23b47148183fae6cbfcdf65c698dffe01fe3d532,/home/b/tmp/ast-fuzz/experiment-data,exp-2022-04-22-00-58-08,aflplusplus_ast_o0,libpng-1.2.56,2022-04-21 23:08:41.160289,2022-04-22 03:18:43.912757,76,7200,2065,,,0
97,23b47148183fae6cbfcdf65c698dffe01fe3d532,/home/b/tmp/ast-fuzz/experiment-data,exp-2022-04-22-00-58-08,aflplusplus_ast_o0,libpng-1.2.56,2022-04-21 23:08:41.160289,2022-04-22 03:18:43.912757,76,8100,2065,,,0
109,23b47148183fae6cbfcdf65c698dffe01fe3d532,/home/b/tmp/ast-fuzz/experiment-data,exp-2022-04-22-00-58-08,aflplusplus_ast_o0,libpng-1.2.56,2022-04-21 23:08:41.160289,2022-04-22 03:18:43.912757,76,9000,2065,,,0
127,23b47148183fae6cbfcdf65c698dffe01fe3d532,/home/b/tmp/ast-fuzz/experiment-data,exp-2022-04-22-00-58-08,aflplusplus_ast_o0,libpng-1.2.56,2022-04-21 23:08:41.160289,2022-04-22 03:18:43.912757,76,9900,2065,,,0
133,23b47148183fae6cbfcdf65c698dffe01fe3d532,/home/b/tmp/ast-fuzz/experiment-data,exp-2022-04-22-00-58-08,aflplusplus_ast_o0,libpng-1.2.56,2022-04-21 23:08:41.160289,2022-04-22 03:18:43.912757,76,10800,2065,,,0
146,23b47148183fae6cbfcdf65c698dffe01fe3d532,/home/b/tmp/ast-fuzz/experiment-data,exp-2022-04-22-00-58-08,aflplusplus_ast_o0,libpng-1.2.56,2022-04-21 23:08:41.160289,2022-04-22 03:18:43.912757,76,11700,2065,,,0
158,23b47148183fae6cbfcdf65c698dffe01fe3d532,/home/b/tmp/ast-fuzz/experiment-data,exp-2022-04-22-00-58-08,aflplusplus_ast_o0,libpng-1.2.56,2022-04-21 23:08:41.160289,2022-04-22 03:18:43.912757,76,12600,2065,,,0
168,23b47148183fae6cbfcdf65c698dffe01fe3d532,/home/b/tmp/ast-fuzz/experiment-data,exp-2022-04-22-00-58-08,aflplusplus_ast_o0,libpng-1.2.56,2022-04-21 23:08:41.160289,2022-04-22 03:18:43.912757,76,13500,2065,,,0
189,23b47148183fae6cbfcdf65c698dffe01fe3d532,/home/b/tmp/ast-fuzz/experiment-data,exp-2022-04-22-00-58-08,aflplusplus_ast_o0,libpng-1.2.56,2022-04-21 23:08:41.160289,2022-04-22 03:18:43.912757,76,14400,2065,,,0
2,23b47148183fae6cbfcdf65c698dffe01fe3d532,/home/b/tmp/ast-fuzz/experiment-data,exp-2022-04-22-00-58-08,aflplusplus_ast_o0,libpng-1.2.56,2022-04-21 23:08:41.146964,2022-04-22 03:18:43.912757,77,900,2057,,,0
18,23b47148183fae6cbfcdf65c698dffe01fe3d532,/home/b/tmp/ast-fuzz/experiment-data,exp-2022-04-22-00-58-08,aflplusplus_ast_o0,libpng-1.2.56,2022-04-21 23:08:41.146964,2022-04-22 03:18:43.912757,77,1800,2058,,,0
30,23b47148183fae6cbfcdf65c698dffe01fe3d532,/home/b/tmp/ast-fuzz/experiment-data,exp-2022-04-22-00-58-08,aflplusplus_ast_o0,libpng-1.2.56,2022-04-21 23:08:41.146964,2022-04-22 03:18:43.912757,77,2700,2083,,,0
41,23b47148183fae6cbfcdf65c698dffe01fe3d532,/home/b/tmp/ast-fuzz/experiment-data,exp-2022-04-22-00-58-08,aflplusplus_ast_o0,libpng-1.2.56,2022-04-21 23:08:41.146964,2022-04-22 03:18:43.912757,77,3600,2084,,,0
56,23b47148183fae6cbfcdf65c698dffe01fe3d532,/home/b/tmp/ast-fuzz/experiment-data,exp-2022-04-22-00-58-08,aflplusplus_ast_o0,libpng-1.2.56,2022-04-21 23:08:41.146964,2022-04-22 03:18:43.912757,77,4500,2084,,,0
61,23b47148183fae6cbfcdf65c698dffe01fe3d532,/home/b/tmp/ast-fuzz/experiment-data,exp-2022-04-22-00-58-08,aflplusplus_ast_o0,libpng-1.2.56,2022-04-21 23:08:41.146964,2022-04-22 03:18:43.912757,77,5400,2084,,,0
72,23b47148183fae6cbfcdf65c698dffe01fe3d532,/home/b/tmp/ast-fuzz/experiment-data,exp-2022-04-22-00-58-08,aflplusplus_ast_o0,libpng-1.2.56,2022-04-21 23:08:41.146964,2022-04-22 03:18:43.912757,77,6300,2084,,,0
84,23b47148183fae6cbfcdf65c698dffe01fe3d532,/home/b/tmp/ast-fuzz/experiment-data,exp-2022-04-22-00-58-08,aflplusplus_ast_o0,libpng-1.2.56,2022-04-21 23:08:41.146964,2022-04-22 03:18:43.912757,77,7200,2084,,,0
102,23b47148183fae6cbfcdf65c698dffe01fe3d532,/home/b/tmp/ast-fuzz/experiment-data,exp-2022-04-22-00-58-08,aflplusplus_ast_o0,libpng-1.2.56,2022-04-21 23:08:41.146964,2022-04-22 03:18:43.912757,77,8100,2087,,,0
108,23b47148183fae6cbfcdf65c698dffe01fe3d532,/home/b/tmp/ast-fuzz/experiment-data,exp-2022-04-22-00-58-08,aflplusplus_ast_o0,libpng-1.2.56,2022-04-21 23:08:41.146964,2022-04-22 03:18:43.912757,77,9000,2087,,,0
123,23b47148183fae6cbfcdf65c698dffe01fe3d532,/home/b/tmp/ast-fuzz/experiment-data,exp-2022-04-22-00-58-08,aflplusplus_ast_o0,libpng-1.2.56,2022-04-21 23:08:41.146964,2022-04-22 03:18:43.912757,77,9900,2087,,,0
136,23b47148183fae6cbfcdf65c698dffe01fe3d532,/home/b/tmp/ast-fuzz/experiment-data,exp-2022-04-22-00-58-08,aflplusplus_ast_o0,libpng-1.2.56,2022-04-21 23:08:41.146964,2022-04-22 03:18:43.912757,77,10800,2087,,,0
144,23b47148183fae6cbfcdf65c698dffe01fe3d532,/home/b/tmp/ast-fuzz/experiment-data,exp-2022-04-22-00-58-08,aflplusplus_ast_o0,libpng-1.2.56,2022-04-21 23:08:41.146964,2022-04-22 03:18:43.912757,77,11700,2087,,,0
161,23b47148183fae6cbfcdf65c698dffe01fe3d532,/home/b/tmp/ast-fuzz/experiment-data,exp-2022-04-22-00-58-08,aflplusplus_ast_o0,libpng-1.2.56,2022-04-21 23:08:41.146964,2022-04-22 03:18:43.912757,77,12600,2087,,,0
173,23b47148183fae6cbfcdf65c698dffe01fe3d532,/home/b/tmp/ast-fuzz/experiment-data,exp-2022-04-22-00-58-08,aflplusplus_ast_o0,libpng-1.2.56,2022-04-21 23:08:41.146964,2022-04-22 03:18:43.912757,77,13500,2087,,,0
188,23b47148183fae6cbfcdf65c698dffe01fe3d532,/home/b/tmp/ast-fuzz/experiment-data,exp-2022-04-22-00-58-08,aflplusplus_ast_o0,libpng-1.2.56,2022-04-21 23:08:41.146964,2022-04-22 03:18:43.912757,77,14400,2087,,,0
1,23b47148183fae6cbfcdf65c698dffe01fe3d532,/home/b/tmp/ast-fuzz/experiment-data,exp-2022-04-22-00-58-08,aflplusplus_ast_o0,libpng-1.2.56,2022-04-21 23:08:41.117963,2022-04-22 03:18:43.912757,78,900,2076,,,0
17,23b47148183fae6cbfcdf65c698dffe01fe3d532,/home/b/tmp/ast-fuzz/experiment-data,exp-2022-04-22-00-58-08,aflplusplus_ast_o0,libpng-1.2.56,2022-04-21 23:08:41.117963,2022-04-22 03:18:43.912757,78,1800,2076,,,0
26,23b47148183fae6cbfcdf65c698dffe01fe3d532,/home/b/tmp/ast-fuzz/experiment-data,exp-2022-04-22-00-58-08,aflplusplus_ast_o0,libpng-1.2.56,2022-04-21 23:08:41.117963,2022-04-22 03:18:43.912757,78,2700,2076,,,0
45,23b47148183fae6cbfcdf65c698dffe01fe3d532,/home/b/tmp/ast-fuzz/experiment-data,exp-2022-04-22-00-58-08,aflplusplus_ast_o0,libpng-1.2.56,2022-04-21 23:08:41.117963,2022-04-22 03:18:43.912757,78,3600,2077,,,0
51,23b47148183fae6cbfcdf65c698dffe01fe3d532,/home/b/tmp/ast-fuzz/experiment-data,exp-2022-04-22-00-58-08,aflplusplus_ast_o0,libpng-1.2.56,2022-04-21 23:08:41.117963,2022-04-22 03:18:43.912757,78,4500,2077,,,0
63,23b47148183fae6cbfcdf65c698dffe01fe3d532,/home/b/tmp/ast-fuzz/experiment-data,exp-2022-04-22-00-58-08,aflplusplus_ast_o0,libpng-1.2.56,2022-04-21 23:08:41.117963,2022-04-22 03:18:43.912757,78,5400,2077,,,0
81,23b47148183fae6cbfcdf65c698dffe01fe3d532,/home/b/tmp/ast-fuzz/experiment-data,exp-2022-04-22-00-58-08,aflplusplus_ast_o0,libpng-1.2.56,2022-04-21 23:08:41.117963,2022-04-22 03:18:43.912757,78,6300,2085,,,0
89,23b47148183fae6cbfcdf65c698dffe01fe3d532,/home/b/tmp/ast-fuzz/experiment-data,exp-2022-04-22-00-58-08,aflplusplus_ast_o0,libpng-1.2.56,2022-04-21 23:08:41.117963,2022-04-22 03:18:43.912757,78,7200,2085,,,0
96,23b47148183fae6cbfcdf65c698dffe01fe3d532,/home/b/tmp/ast-fuzz/experiment-data,exp-2022-04-22-00-58-08,aflplusplus_ast_o0,libpng-1.2.56,2022-04-21 23:08:41.117963,2022-04-22 03:18:43.912757,78,8100,2085,,,0
115,23b47148183fae6cbfcdf65c698dffe01fe3d532,/home/b/tmp/ast-fuzz/experiment-data,exp-2022-04-22-00-58-08,aflplusplus_ast_o0,libpng-1.2.56,2022-04-21 23:08:41.117963,2022-04-22 03:18:43.912757,78,9000,2085,,,0
122,23b47148183fae6cbfcdf65c698dffe01fe3d532,/home/b/tmp/ast-fuzz/experiment-data,exp-2022-04-22-00-58-08,aflplusplus_ast_o0,libpng-1.2.56,2022-04-21 23:08:41.117963,2022-04-22 03:18:43.912757,78,9900,2085,,,0
132,23b47148183fae6cbfcdf65c698dffe01fe3d532,/home/b/tmp/ast-fuzz/experiment-data,exp-2022-04-22-00-58-08,aflplusplus_ast_o0,libpng-1.2.56,2022-04-21 23:08:41.117963,2022-04-22 03:18:43.912757,78,10800,2085,,,0
145,23b47148183fae6cbfcdf65c698dffe01fe3d532,/home/b/tmp/ast-fuzz/experiment-data,exp-2022-04-22-00-58-08,aflplusplus_ast_o0,libpng-1.2.56,2022-04-21 23:08:41.117963,2022-04-22 03:18:43.912757,78,11700,2085,,,0
157,23b47148183fae6cbfcdf65c698dffe01fe3d532,/home/b/tmp/ast-fuzz/experiment-data,exp-2022-04-22-00-58-08,aflplusplus_ast_o0,libpng-1.2.56,2022-04-21 23:08:41.117963,2022-04-22 03:18:43.912757,78,12600,2085,,,0
172,23b47148183fae6cbfcdf65c698dffe01fe3d532,/home/b/tmp/ast-fuzz/experiment-data,exp-2022-04-22-00-58-08,aflplusplus_ast_o0,libpng-1.2.56,2022-04-21 23:08:41.117963,2022-04-22 03:18:43.912757,78,13500,2085,,,0
180,23b47148183fae6cbfcdf65c698dffe01fe3d532,/home/b/tmp/ast-fuzz/experiment-data,exp-2022-04-22-00-58-08,aflplusplus_ast_o0,libpng-1.2.56,2022-04-21 23:08:41.117963,2022-04-22 03:18:43.912757,78,14400,2085,,,0
5,23b47148183fae6cbfcdf65c698dffe01fe3d532,/home/b/tmp/ast-fuzz/experiment-data,exp-2022-04-22-00-58-08,aflplusplus_ast_o1,libpng-1.2.56,2022-04-21 23:08:41.157589,2022-04-22 03:18:43.912757,79,900,2071,,,0
21,23b47148183fae6cbfcdf65c698dffe01fe3d532,/home/b/tmp/ast-fuzz/experiment-data,exp-2022-04-22-00-58-08,aflplusplus_ast_o1,libpng-1.2.56,2022-04-21 23:08:41.157589,2022-04-22 03:18:43.912757,79,1800,2097,,,0
27,23b47148183fae6cbfcdf65c698dffe01fe3d532,/home/b/tmp/ast-fuzz/experiment-data,exp-2022-04-22-00-58-08,aflplusplus_ast_o1,libpng-1.2.56,2022-04-21 23:08:41.157589,2022-04-22 03:18:43.912757,79,2700,2102,,,0
36,23b47148183fae6cbfcdf65c698dffe01fe3d532,/home/b/tmp/ast-fuzz/experiment-data,exp-2022-04-22-00-58-08,aflplusplus_ast_o1,libpng-1.2.56,2022-04-21 23:08:41.157589,2022-04-22 03:18:43.912757,79,3600,2102,,,0
49,23b47148183fae6cbfcdf65c698dffe01fe3d532,/home/b/tmp/ast-fuzz/experiment-data,exp-2022-04-22-00-58-08,aflplusplus_ast_o1,libpng-1.2.56,2022-04-21 23:08:41.157589,2022-04-22 03:18:43.912757,79,4500,2102,,,0
66,23b47148183fae6cbfcdf65c698dffe01fe3d532,/home/b/tmp/ast-fuzz/experiment-data,exp-2022-04-22-00-58-08,aflplusplus_ast_o1,libpng-1.2.56,2022-04-21 23:08:41.157589,2022-04-22 03:18:43.912757,79,5400,2102,,,0
76,23b47148183fae6cbfcdf65c698dffe01fe3d532,/home/b/tmp/ast-fuzz/experiment-data,exp-2022-04-22-00-58-08,aflplusplus_ast_o1,libpng-1.2.56,2022-04-21 23:08:41.157589,2022-04-22 03:18:43.912757,79,6300,2102,,,0
93,23b47148183fae6cbfcdf65c698dffe01fe3d532,/home/b/tmp/ast-fuzz/experiment-data,exp-2022-04-22-00-58-08,aflplusplus_ast_o1,libpng-1.2.56,2022-04-21 23:08:41.157589,2022-04-22 03:18:43.912757,79,7200,2102,,,0
99,23b47148183fae6cbfcdf65c698dffe01fe3d532,/home/b/tmp/ast-fuzz/experiment-data,exp-2022-04-22-00-58-08,aflplusplus_ast_o1,libpng-1.2.56,2022-04-21 23:08:41.157589,2022-04-22 03:18:43.912757,79,8100,2102,,,0
117,23b47148183fae6cbfcdf65c698dffe01fe3d532,/home/b/tmp/ast-fuzz/experiment-data,exp-2022-04-22-00-58-08,aflplusplus_ast_o1,libpng-1.2.56,2022-04-21 23:08:41.157589,2022-04-22 03:18:43.912757,79,9000,2102,,,0
128,23b47148183fae6cbfcdf65c698dffe01fe3d532,/home/b/tmp/ast-fuzz/experiment-data,exp-2022-04-22-00-58-08,aflplusplus_ast_o1,libpng-1.2.56,2022-04-21 23:08:41.157589,2022-04-22 03:18:43.912757,79,9900,2102,,,0
138,23b47148183fae6cbfcdf65c698dffe01fe3d532,/home/b/tmp/ast-fuzz/experiment-data,exp-2022-04-22-00-58-08,aflplusplus_ast_o1,libpng-1.2.56,2022-04-21 23:08:41.157589,2022-04-22 03:18:43.912757,79,10800,2102,,,0
155,23b47148183fae6cbfcdf65c698dffe01fe3d532,/home/b/tmp/ast-fuzz/experiment-data,exp-2022-04-22-00-58-08,aflplusplus_ast_o1,libpng-1.2.56,2022-04-21 23:08:41.157589,2022-04-22 03:18:43.912757,79,11700,2102,,,0
167,23b47148183fae6cbfcdf65c698dffe01fe3d532,/home/b/tmp/ast-fuzz/experiment-data,exp-2022-04-22-00-58-08,aflplusplus_ast_o1,libpng-1.2.56,2022-04-21 23:08:41.157589,2022-04-22 03:18:43.912757,79,12600,2102,,,0
170,23b47148183fae6cbfcdf65c698dffe01fe3d532,/home/b/tmp/ast-fuzz/experiment-data,exp-2022-04-22-00-58-08,aflplusplus_ast_o1,libpng-1.2.56,2022-04-21 23:08:41.157589,2022-04-22 03:18:43.912757,79,13500,2102,,,0
190,23b47148183fae6cbfcdf65c698dffe01fe3d532,/home/b/tmp/ast-fuzz/experiment-data,exp-2022-04-22-00-58-08,aflplusplus_ast_o1,libpng-1.2.56,2022-04-21 23:08:41.157589,2022-04-22 03:18:43.912757,79,14400,2102,,,0
11,23b47148183fae6cbfcdf65c698dffe01fe3d532,/home/b/tmp/ast-fuzz/experiment-data,exp-2022-04-22-00-58-08,aflplusplus_ast_o1,libpng-1.2.56,2022-04-21 23:08:41.174371,2022-04-22 03:18:43.912757,80,900,2096,,,0
15,23b47148183fae6cbfcdf65c698dffe01fe3d532,/home/b/tmp/ast-fuzz/experiment-data,exp-2022-04-22-00-58-08,aflplusplus_ast_o1,libpng-1.2.56,2022-04-21 23:08:41.174371,2022-04-22 03:18:43.912757,80,1800,2100,,,0
24,23b47148183fae6cbfcdf65c698dffe01fe3d532,/home/b/tmp/ast-fuzz/experiment-data,exp-2022-04-22-00-58-08,aflplusplus_ast_o1,libpng-1.2.56,2022-04-21 23:08:41.174371,2022-04-22 03:18:43.912757,80,2700,2117,,,0
38,23b47148183fae6cbfcdf65c698dffe01fe3d532,/home/b/tmp/ast-fuzz/experiment-data,exp-2022-04-22-00-58-08,aflplusplus_ast_o1,libpng-1.2.56,2022-04-21 23:08:41.174371,2022-04-22 03:18:43.912757,80,3600,2118,,,0
50,23b47148183fae6cbfcdf65c698dffe01fe3d532,/home/b/tmp/ast-fuzz/experiment-data,exp-2022-04-22-00-58-08,aflplusplus_ast_o1,libpng-1.2.56,2022-04-21 23:08:41.174371,2022-04-22 03:18:43.912757,80,4500,2118,,,0
64,23b47148183fae6cbfcdf65c698dffe01fe3d532,/home/b/tmp/ast-fuzz/experiment-data,exp-2022-04-22-00-58-08,aflplusplus_ast_o1,libpng-1.2.56,2022-04-21 23:08:41.174371,2022-04-22 03:18:43.912757,80,5400,2118,,,0
74,23b47148183fae6cbfcdf65c698dffe01fe3d532,/home/b/tmp/ast-fuzz/experiment-data,exp-2022-04-22-00-58-08,aflplusplus_ast_o1,libpng-1.2.56,2022-04-21 23:08:41.174371,2022-04-22 03:18:43.912757,80,6300,2119,,,0
94,23b47148183fae6cbfcdf65c698dffe01fe3d532,/home/b/tmp/ast-fuzz/experiment-data,exp-2022-04-22-00-58-08,aflplusplus_ast_o1,libpng-1.2.56,2022-04-21 23:08:41.174371,2022-04-22 03:18:43.912757,80,7200,2119,,,0
104,23b47148183fae6cbfcdf65c698dffe01fe3d532,/home/b/tmp/ast-fuzz/experiment-data,exp-2022-04-22-00-58-08,aflplusplus_ast_o1,libpng-1.2.56,2022-04-21 23:08:41.174371,2022-04-22 03:18:43.912757,80,8100,2119,,,0
116,23b47148183fae6cbfcdf65c698dffe01fe3d532,/home/b/tmp/ast-fuzz/experiment-data,exp-2022-04-22-00-58-08,aflplusplus_ast_o1,libpng-1.2.56,2022-04-21 23:08:41.174371,2022-04-22 03:18:43.912757,80,9000,2119,,,0
121,23b47148183fae6cbfcdf65c698dffe01fe3d532,/home/b/tmp/ast-fuzz/experiment-data,exp-2022-04-22-00-58-08,aflplusplus_ast_o1,libpng-1.2.56,2022-04-21 23:08:41.174371,2022-04-22 03:18:43.912757,80,9900,2119,,,0
139,23b47148183fae6cbfcdf65c698dffe01fe3d532,/home/b/tmp/ast-fuzz/experiment-data,exp-2022-04-22-00-58-08,aflplusplus_ast_o1,libpng-1.2.56,2022-04-21 23:08:41.174371,2022-04-22 03:18:43.912757,80,10800,2119,,,0
151,23b47148183fae6cbfcdf65c698dffe01fe3d532,/home/b/tmp/ast-fuzz/experiment-data,exp-2022-04-22-00-58-08,aflplusplus_ast_o1,libpng-1.2.56,2022-04-21 23:08:41.174371,2022-04-22 03:18:43.912757,80,11700,2119,,,0
159,23b47148183fae6cbfcdf65c698dffe01fe3d532,/home/b/tmp/ast-fuzz/experiment-data,exp-2022-04-22-00-58-08,aflplusplus_ast_o1,libpng-1.2.56,2022-04-21 23:08:41.174371,2022-04-22 03:18:43.912757,80,12600,2119,,,0
178,23b47148183fae6cbfcdf65c698dffe01fe3d532,/home/b/tmp/ast-fuzz/experiment-data,exp-2022-04-22-00-58-08,aflplusplus_ast_o1,libpng-1.2.56,2022-04-21 23:08:41.174371,2022-04-22 03:18:43.912757,80,13500,2120,,,0
183,23b47148183fae6cbfcdf65c698dffe01fe3d532,/home/b/tmp/ast-fuzz/experiment-data,exp-2022-04-22-00-58-08,aflplusplus_ast_o1,libpng-1.2.56,2022-04-21 23:08:41.174371,2022-04-22 03:18:43.912757,80,14400,2120,,,0
8,23b47148183fae6cbfcdf65c698dffe01fe3d532,/home/b/tmp/ast-fuzz/experiment-data,exp-2022-04-22-00-58-08,aflplusplus_ast_o1,libpng-1.2.56,2022-04-21 23:08:41.112974,2022-04-22 03:18:43.912757,81,900,2071,,,0
12,23b47148183fae6cbfcdf65c698dffe01fe3d532,/home/b/tmp/ast-fuzz/experiment-data,exp-2022-04-22-00-58-08,aflplusplus_ast_o1,libpng-1.2.56,2022-04-21 23:08:41.112974,2022-04-22 03:18:43.912757,81,1800,2111,,,0
28,23b47148183fae6cbfcdf65c698dffe01fe3d532,/home/b/tmp/ast-fuzz/experiment-data,exp-2022-04-22-00-58-08,aflplusplus_ast_o1,libpng-1.2.56,2022-04-21 23:08:41.112974,2022-04-22 03:18:43.912757,81,2700,2112,,,0
40,23b47148183fae6cbfcdf65c698dffe01fe3d532,/home/b/tmp/ast-fuzz/experiment-data,exp-2022-04-22-00-58-08,aflplusplus_ast_o1,libpng-1.2.56,2022-04-21 23:08:41.112974,2022-04-22 03:18:43.912757,81,3600,2112,,,0
53,23b47148183fae6cbfcdf65c698dffe01fe3d532,/home/b/tmp/ast-fuzz/experiment-data,exp-2022-04-22-00-58-08,aflplusplus_ast_o1,libpng-1.2.56,2022-04-21 23:08:41.112974,2022-04-22 03:18:43.912757,81,4500,2112,,,0
65,23b47148183fae6cbfcdf65c698dffe01fe3d532,/home/b/tmp/ast-fuzz/experiment-data,exp-2022-04-22-00-58-08,aflplusplus_ast_o1,libpng-1.2.56,2022-04-21 23:08:41.112974,2022-04-22 03:18:43.912757,81,5400,2112,,,0
79,23b47148183fae6cbfcdf65c698dffe01fe3d532,/home/b/tmp/ast-fuzz/experiment-data,exp-2022-04-22-00-58-08,aflplusplus_ast_o1,libpng-1.2.56,2022-04-21 23:08:41.112974,2022-04-22 03:18:43.912757,81,6300,2112,,,0
86,23b47148183fae6cbfcdf65c698dffe01fe3d532,/home/b/tmp/ast-fuzz/experiment-data,exp-2022-04-22-00-58-08,aflplusplus_ast_o1,libpng-1.2.56,2022-04-21 23:08:41.112974,2022-04-22 03:18:43.912757,81,7200,2114,,,0
100,23b47148183fae6cbfcdf65c698dffe01fe3d532,/home/b/tmp/ast-fuzz/experiment-data,exp-2022-04-22-00-58-08,aflplusplus_ast_o1,libpng-1.2.56,2022-04-21 23:08:41.112974,2022-04-22 03:18:43.912757,81,8100,2114,,,0
114,23b47148183fae6cbfcdf65c698dffe01fe3d532,/home/b/tmp/ast-fuzz/experiment-data,exp-2022-04-22-00-58-08,aflplusplus_ast_o1,libpng-1.2.56,2022-04-21 23:08:41.112974,2022-04-22 03:18:43.912757,81,9000,2116,,,0
124,23b47148183fae6cbfcdf65c698dffe01fe3d532,/home/b/tmp/ast-fuzz/experiment-data,exp-2022-04-22-00-58-08,aflplusplus_ast_o1,libpng-1.2.56,2022-04-21 23:08:41.112974,2022-04-22 03:18:43.912757,81,9900,2116,,,0
140,23b47148183fae6cbfcdf65c698dffe01fe3d532,/home/b/tmp/ast-fuzz/experiment-data,exp-2022-04-22-00-58-08,aflplusplus_ast_o1,libpng-1.2.56,2022-04-21 23:08:41.112974,2022-04-22 03:18:43.912757,81,10800,2116,,,0
149,23b47148183fae6cbfcdf65c698dffe01fe3d532,/home/b/tmp/ast-fuzz/experiment-data,exp-2022-04-22-00-58-08,aflplusplus_ast_o1,libpng-1.2.56,2022-04-21 23:08:41.112974,2022-04-22 03:18:43.912757,81,11700,2116,,,0
162,23b47148183fae6cbfcdf65c698dffe01fe3d532,/home/b/tmp/ast-fuzz/experiment-data,exp-2022-04-22-00-58-08,aflplusplus_ast_o1,libpng-1.2.56,2022-04-21 23:08:41.112974,2022-04-22 03:18:43.912757,81,12600,2117,,,0
171,23b47148183fae6cbfcdf65c698dffe01fe3d532,/home/b/tmp/ast-fuzz/experiment-data,exp-2022-04-22-00-58-08,aflplusplus_ast_o1,libpng-1.2.56,2022-04-21 23:08:41.112974,2022-04-22 03:18:43.912757,81,13500,2117,,,0
182,23b47148183fae6cbfcdf65c698dffe01fe3d532,/home/b/tmp/ast-fuzz/experiment-data,exp-2022-04-22-00-58-08,aflplusplus_ast_o1,libpng-1.2.56,2022-04-21 23:08:41.112974,2022-04-22 03:18:43.912757,81,14400,2117,,,0
3,23b47148183fae6cbfcdf65c698dffe01fe3d532,/home/b/tmp/ast-fuzz/experiment-data,exp-2022-04-22-00-58-08,aflplusplus_ast_o2,libpng-1.2.56,2022-04-21 23:08:41.160361,2022-04-22 03:18:43.912757,82,900,2025,,,0
19,23b47148183fae6cbfcdf65c698dffe01fe3d532,/home/b/tmp/ast-fuzz/experiment-data,exp-2022-04-22-00-58-08,aflplusplus_ast_o2,libpng-1.2.56,2022-04-21 23:08:41.160361,2022-04-22 03:18:43.912757,82,1800,2045,,,0
32,23b47148183fae6cbfcdf65c698dffe01fe3d532,/home/b/tmp/ast-fuzz/experiment-data,exp-2022-04-22-00-58-08,aflplusplus_ast_o2,libpng-1.2.56,2022-04-21 23:08:41.160361,2022-04-22 03:18:43.912757,82,2700,2066,,,0
42,23b47148183fae6cbfcdf65c698dffe01fe3d532,/home/b/tmp/ast-fuzz/experiment-data,exp-2022-04-22-00-58-08,aflplusplus_ast_o2,libpng-1.2.56,2022-04-21 23:08:41.160361,2022-04-22 03:18:43.912757,82,3600,2066,,,0
48,23b47148183fae6cbfcdf65c698dffe01fe3d532,/home/b/tmp/ast-fuzz/experiment-data,exp-2022-04-22-00-58-08,aflplusplus_ast_o2,libpng-1.2.56,2022-04-21 23:08:41.160361,2022-04-22 03:18:43.912757,82,4500,2066,,,0
69,23b47148183fae6cbfcdf65c698dffe01fe3d532,/home/b/tmp/ast-fuzz/experiment-data,exp-2022-04-22-00-58-08,aflplusplus_ast_o2,libpng-1.2.56,2022-04-21 23:08:41.160361,2022-04-22 03:18:43.912757,82,5400,2066,,,0
77,23b47148183fae6cbfcdf65c698dffe01fe3d532,/home/b/tmp/ast-fuzz/experiment-data,exp-2022-04-22-00-58-08,aflplusplus_ast_o2,libpng-1.2.56,2022-04-21 23:08:41.160361,2022-04-22 03:18:43.912757,82,6300,2066,,,0
92,23b47148183fae6cbfcdf65c698dffe01fe3d532,/home/b/tmp/ast-fuzz/experiment-data,exp-2022-04-22-00-58-08,aflplusplus_ast_o2,libpng-1.2.56,2022-04-21 23:08:41.160361,2022-04-22 03:18:43.912757,82,7200,2066,,,0
107,23b47148183fae6cbfcdf65c698dffe01fe3d532,/home/b/tmp/ast-fuzz/experiment-data,exp-2022-04-22-00-58-08,aflplusplus_ast_o2,libpng-1.2.56,2022-04-21 23:08:41.160361,2022-04-22 03:18:43.912757,82,8100,2066,,,0
110,23b47148183fae6cbfcdf65c698dffe01fe3d532,/home/b/tmp/ast-fuzz/experiment-data,exp-2022-04-22-00-58-08,aflplusplus_ast_o2,libpng-1.2.56,2022-04-21 23:08:41.160361,2022-04-22 03:18:43.912757,82,9000,2066,,,0
120,23b47148183fae6cbfcdf65c698dffe01fe3d532,/home/b/tmp/ast-fuzz/experiment-data,exp-2022-04-22-00-58-08,aflplusplus_ast_o2,libpng-1.2.56,2022-04-21 23:08:41.160361,2022-04-22 03:18:43.912757,82,9900,2066,,,0
137,23b47148183fae6cbfcdf65c698dffe01fe3d532,/home/b/tmp/ast-fuzz/experiment-data,exp-2022-04-22-00-58-08,aflplusplus_ast_o2,libpng-1.2.56,2022-04-21 23:08:41.160361,2022-04-22 03:18:43.912757,82,10800,2067,,,0
154,23b47148183fae6cbfcdf65c698dffe01fe3d532,/home/b/tmp/ast-fuzz/experiment-data,exp-2022-04-22-00-58-08,aflplusplus_ast_o2,libpng-1.2.56,2022-04-21 23:08:41.160361,2022-04-22 03:18:43.912757,82,11700,2067,,,0
164,23b47148183fae6cbfcdf65c698dffe01fe3d532,/home/b/tmp/ast-fuzz/experiment-data,exp-2022-04-22-00-58-08,aflplusplus_ast_o2,libpng-1.2.56,2022-04-21 23:08:41.160361,2022-04-22 03:18:43.912757,82,12600,2067,,,0
174,23b47148183fae6cbfcdf65c698dffe01fe3d532,/home/b/tmp/ast-fuzz/experiment-data,exp-2022-04-22-00-58-08,aflplusplus_ast_o2,libpng-1.2.56,2022-04-21 23:08:41.160361,2022-04-22 03:18:43.912757,82,13500,2067,,,0
185,23b47148183fae6cbfcdf65c698dffe01fe3d532,/home/b/tmp/ast-fuzz/experiment-data,exp-2022-04-22-00-58-08,aflplusplus_ast_o2,libpng-1.2.56,2022-04-21 23:08:41.160361,2022-04-22 03:18:43.912757,82,14400,2067,,,0
9,23b47148183fae6cbfcdf65c698dffe01fe3d532,/home/b/tmp/ast-fuzz/experiment-data,exp-2022-04-22-00-58-08,aflplusplus_ast_o2,libpng-1.2.56,2022-04-21 23:08:41.143955,2022-04-22 03:18:43.912757,83,900,2058,,,0
23,23b47148183fae6cbfcdf65c698dffe01fe3d532,/home/b/tmp/ast-fuzz/experiment-data,exp-2022-04-22-00-58-08,aflplusplus_ast_o2,libpng-1.2.56,2022-04-21 23:08:41.143955,2022-04-22 03:18:43.912757,83,1800,2064,,,0
31,23b47148183fae6cbfcdf65c698dffe01fe3d532,/home/b/tmp/ast-fuzz/experiment-data,exp-2022-04-22-00-58-08,aflplusplus_ast_o2,libpng-1.2.56,2022-04-21 23:08:41.143955,2022-04-22 03:18:43.912757,83,2700,2064,,,0
44,23b47148183fae6cbfcdf65c698dffe01fe3d532,/home/b/tmp/ast-fuzz/experiment-data,exp-2022-04-22-00-58-08,aflplusplus_ast_o2,libpng-1.2.56,2022-04-21 23:08:41.143955,2022-04-22 03:18:43.912757,83,3600,2064,,,0
54,23b47148183fae6cbfcdf65c698dffe01fe3d532,/home/b/tmp/ast-fuzz/experiment-data,exp-2022-04-22-00-58-08,aflplusplus_ast_o2,libpng-1.2.56,2022-04-21 23:08:41.143955,2022-04-22 03:18:43.912757,83,4500,2064,,,0
68,23b47148183fae6cbfcdf65c698dffe01fe3d532,/home/b/tmp/ast-fuzz/experiment-data,exp-2022-04-22-00-58-08,aflplusplus_ast_o2,libpng-1.2.56,2022-04-21 23:08:41.143955,2022-04-22 03:18:43.912757,83,5400,2065,,,0
82,23b47148183fae6cbfcdf65c698dffe01fe3d532,/home/b/tmp/ast-fuzz/experiment-data,exp-2022-04-22-00-58-08,aflplusplus_ast_o2,libpng-1.2.56,2022-04-21 23:08:41.143955,2022-04-22 03:18:43.912757,83,6300,2065,,,0
85,23b47148183fae6cbfcdf65c698dffe01fe3d532,/home/b/tmp/ast-fuzz/experiment-data,exp-2022-04-22-00-58-08,aflplusplus_ast_o2,libpng-1.2.56,2022-04-21 23:08:41.143955,2022-04-22 03:18:43.912757,83,7200,2065,,,0
103,23b47148183fae6cbfcdf65c698dffe01fe3d532,/home/b/tmp/ast-fuzz/experiment-data,exp-2022-04-22-00-58-08,aflplusplus_ast_o2,libpng-1.2.56,2022-04-21 23:08:41.143955,2022-04-22 03:18:43.912757,83,8100,2065,,,0
112,23b47148183fae6cbfcdf65c698dffe01fe3d532,/home/b/tmp/ast-fuzz/experiment-data,exp-2022-04-22-00-58-08,aflplusplus_ast_o2,libpng-1.2.56,2022-04-21 23:08:41.143955,2022-04-22 03:18:43.912757,83,9000,2072,,,0
126,23b47148183fae6cbfcdf65c698dffe01fe3d532,/home/b/tmp/ast-fuzz/experiment-data,exp-2022-04-22-00-58-08,aflplusplus_ast_o2,libpng-1.2.56,2022-04-21 23:08:41.143955,2022-04-22 03:18:43.912757,83,9900,2072,,,0
143,23b47148183fae6cbfcdf65c698dffe01fe3d532,/home/b/tmp/ast-fuzz/experiment-data,exp-2022-04-22-00-58-08,aflplusplus_ast_o2,libpng-1.2.56,2022-04-21 23:08:41.143955,2022-04-22 03:18:43.912757,83,10800,2072,,,0
152,23b47148183fae6cbfcdf65c698dffe01fe3d532,/home/b/tmp/ast-fuzz/experiment-data,exp-2022-04-22-00-58-08,aflplusplus_ast_o2,libpng-1.2.56,2022-04-21 23:08:41.143955,2022-04-22 03:18:43.912757,83,11700,2072,,,0
165,23b47148183fae6cbfcdf65c698dffe01fe3d532,/home/b/tmp/ast-fuzz/experiment-data,exp-2022-04-22-00-58-08,aflplusplus_ast_o2,libpng-1.2.56,2022-04-21 23:08:41.143955,2022-04-22 03:18:43.912757,83,12600,2072,,,0
179,23b47148183fae6cbfcdf65c698dffe01fe3d532,/home/b/tmp/ast-fuzz/experiment-data,exp-2022-04-22-00-58-08,aflplusplus_ast_o2,libpng-1.2.56,2022-04-21 23:08:41.143955,2022-04-22 03:18:43.912757,83,13500,2072,,,0
184,23b47148183fae6cbfcdf65c698dffe01fe3d532,/home/b/tmp/ast-fuzz/experiment-data,exp-2022-04-22-00-58-08,aflplusplus_ast_o2,libpng-1.2.56,2022-04-21 23:08:41.143955,2022-04-22 03:18:43.912757,83,14400,2072,,,0
4,23b47148183fae6cbfcdf65c698dffe01fe3d532,/home/b/tmp/ast-fuzz/experiment-data,exp-2022-04-22-00-58-08,aflplusplus_ast_o2,libpng-1.2.56,2022-04-21 23:08:41.162956,2022-04-22 03:18:43.912757,84,900,2024,,,0
14,23b47148183fae6cbfcdf65c698dffe01fe3d532,/home/b/tmp/ast-fuzz/experiment-data,exp-2022-04-22-00-58-08,aflplusplus_ast_o2,libpng-1.2.56,2022-04-21 23:08:41.162956,2022-04-22 03:18:43.912757,84,1800,2063,,,0
34,23b47148183fae6cbfcdf65c698dffe01fe3d532,/home/b/tmp/ast-fuzz/experiment-data,exp-2022-04-22-00-58-08,aflplusplus_ast_o2,libpng-1.2.56,2022-04-21 23:08:41.162956,2022-04-22 03:18:43.912757,84,2700,2063,,,0
37,23b47148183fae6cbfcdf65c698dffe01fe3d532,/home/b/tmp/ast-fuzz/experiment-data,exp-2022-04-22-00-58-08,aflplusplus_ast_o2,libpng-1.2.56,2022-04-21 23:08:41.162956,2022-04-22 03:18:43.912757,84,3600,2063,,,0
52,23b47148183fae6cbfcdf65c698dffe01fe3d532,/home/b/tmp/ast-fuzz/experiment-data,exp-2022-04-22-00-58-08,aflplusplus_ast_o2,libpng-1.2.56,2022-04-21 23:08:41.162956,2022-04-22 03:18:43.912757,84,4500,2064,,,0
71,23b47148183fae6cbfcdf65c698dffe01fe3d532,/home/b/tmp/ast-fuzz/experiment-data,exp-2022-04-22-00-58-08,aflplusplus_ast_o2,libpng-1.2.56,2022-04-21 23:08:41.162956,2022-04-22 03:18:43.912757,84,5400,2064,,,0
73,23b47148183fae6cbfcdf65c698dffe01fe3d532,/home/b/tmp/ast-fuzz/experiment-data,exp-2022-04-22-00-58-08,aflplusplus_ast_o2,libpng-1.2.56,2022-04-21 23:08:41.162956,2022-04-22 03:18:43.912757,84,6300,2064,,,0
91,23b47148183fae6cbfcdf65c698dffe01fe3d532,/home/b/tmp/ast-fuzz/experiment-data,exp-2022-04-22-00-58-08,aflplusplus_ast_o2,libpng-1.2.56,2022-04-21 23:08:41.162956,2022-04-22 03:18:43.912757,84,7200,2064,,,0
106,23b47148183fae6cbfcdf65c698dffe01fe3d532,/home/b/tmp/ast-fuzz/experiment-data,exp-2022-04-22-00-58-08,aflplusplus_ast_o2,libpng-1.2.56,2022-04-21 23:08:41.162956,2022-04-22 03:18:43.912757,84,8100,2082,,,0
119,23b47148183fae6cbfcdf65c698dffe01fe3d532,/home/b/tmp/ast-fuzz/experiment-data,exp-2022-04-22-00-58-08,aflplusplus_ast_o2,libpng-1.2.56,2022-04-21 23:08:41.162956,2022-04-22 03:18:43.912757,84,9000,2082,,,0
129,23b47148183fae6cbfcdf65c698dffe01fe3d532,/home/b/tmp/ast-fuzz/experiment-data,exp-2022-04-22-00-58-08,aflplusplus_ast_o2,libpng-1.2.56,2022-04-21 23:08:41.162956,2022-04-22 03:18:43.912757,84,9900,2082,,,0
141,23b47148183fae6cbfcdf65c698dffe01fe3d532,/home/b/tmp/ast-fuzz/experiment-data,exp-2022-04-22-00-58-08,aflplusplus_ast_o2,libpng-1.2.56,2022-04-21 23:08:41.162956,2022-04-22 03:18:43.912757,84,10800,2082,,,0
150,23b47148183fae6cbfcdf65c698dffe01fe3d532,/home/b/tmp/ast-fuzz/experiment-data,exp-2022-04-22-00-58-08,aflplusplus_ast_o2,libpng-1.2.56,2022-04-21 23:08:41.162956,2022-04-22 03:18:43.912757,84,11700,2082,,,0
163,23b47148183fae6cbfcdf65c698dffe01fe3d532,/home/b/tmp/ast-fuzz/experiment-data,exp-2022-04-22-00-58-08,aflplusplus_ast_o2,libpng-1.2.56,2022-04-21 23:08:41.162956,2022-04-22 03:18:43.912757,84,12600,2082,,,0
175,23b47148183fae6cbfcdf65c698dffe01fe3d532,/home/b/tmp/ast-fuzz/experiment-data,exp-2022-04-22-00-58-08,aflplusplus_ast_o2,libpng-1.2.56,2022-04-21 23:08:41.162956,2022-04-22 03:18:43.912757,84,13500,2082,,,0
186,23b47148183fae6cbfcdf65c698dffe01fe3d532,/home/b/tmp/ast-fuzz/experiment-data,exp-2022-04-22-00-58-08,aflplusplus_ast_o2,libpng-1.2.56,2022-04-21 23:08:41.162956,2022-04-22 03:18:43.912757,84,14400,2082,,,0
7,23b47148183fae6cbfcdf65c698dffe01fe3d532,/home/b/tmp/ast-fuzz/experiment-data,exp-2022-04-22-00-58-08,aflplusplus_ast_o3,libpng-1.2.56,2022-04-21 23:08:41.108567,2022-04-22 03:18:43.912757,85,900,2062,,,0
20,23b47148183fae6cbfcdf65c698dffe01fe3d532,/home/b/tmp/ast-fuzz/experiment-data,exp-2022-04-22-00-58-08,aflplusplus_ast_o3,libpng-1.2.56,2022-04-21 23:08:41.108567,2022-04-22 03:18:43.912757,85,1800,2063,,,0
35,23b47148183fae6cbfcdf65c698dffe01fe3d532,/home/b/tmp/ast-fuzz/experiment-data,exp-2022-04-22-00-58-08,aflplusplus_ast_o3,libpng-1.2.56,2022-04-21 23:08:41.108567,2022-04-22 03:18:43.912757,85,2700,2063,,,0
39,23b47148183fae6cbfcdf65c698dffe01fe3d532,/home/b/tmp/ast-fuzz/experiment-data,exp-2022-04-22-00-58-08,aflplusplus_ast_o3,libpng-1.2.56,2022-04-21 23:08:41.108567,2022-04-22 03:18:43.912757,85,3600,2064,,,0
55,23b47148183fae6cbfcdf65c698dffe01fe3d532,/home/b/tmp/ast-fuzz/experiment-data,exp-2022-04-22-00-58-08,aflplusplus_ast_o3,libpng-1.2.56,2022-04-21 23:08:41.108567,2022-04-22 03:18:43.912757,85,4500,2064,,,0
70,23b47148183fae6cbfcdf65c698dffe01fe3d532,/home/b/tmp/ast-fuzz/experiment-data,exp-2022-04-22-00-58-08,aflplusplus_ast_o3,libpng-1.2.56,2022-04-21 23:08:41.108567,2022-04-22 03:18:43.912757,85,5400,2064,,,0
75,23b47148183fae6cbfcdf65c698dffe01fe3d532,/home/b/tmp/ast-fuzz/experiment-data,exp-2022-04-22-00-58-08,aflplusplus_ast_o3,libpng-1.2.56,2022-04-21 23:08:41.108567,2022-04-22 03:18:43.912757,85,6300,2064,,,0
95,23b47148183fae6cbfcdf65c698dffe01fe3d532,/home/b/tmp/ast-fuzz/experiment-data,exp-2022-04-22-00-58-08,aflplusplus_ast_o3,libpng-1.2.56,2022-04-21 23:08:41.108567,2022-04-22 03:18:43.912757,85,7200,2064,,,0
101,23b47148183fae6cbfcdf65c698dffe01fe3d532,/home/b/tmp/ast-fuzz/experiment-data,exp-2022-04-22-00-58-08,aflplusplus_ast_o3,libpng-1.2.56,2022-04-21 23:08:41.108567,2022-04-22 03:18:43.912757,85,8100,2064,,,0
111,23b47148183fae6cbfcdf65c698dffe01fe3d532,/home/b/tmp/ast-fuzz/experiment-data,exp-2022-04-22-00-58-08,aflplusplus_ast_o3,libpng-1.2.56,2022-04-21 23:08:41.108567,2022-04-22 03:18:43.912757,85,9000,2064,,,0
130,23b47148183fae6cbfcdf65c698dffe01fe3d532,/home/b/tmp/ast-fuzz/experiment-data,exp-2022-04-22-00-58-08,aflplusplus_ast_o3,libpng-1.2.56,2022-04-21 23:08:41.108567,2022-04-22 03:18:43.912757,85,9900,2064,,,0
135,23b47148183fae6cbfcdf65c698dffe01fe3d532,/home/b/tmp/ast-fuzz/experiment-data,exp-2022-04-22-00-58-08,aflplusplus_ast_o3,libpng-1.2.56,2022-04-21 23:08:41.108567,2022-04-22 03:18:43.912757,85,10800,2064,,,0
147,23b47148183fae6cbfcdf65c698dffe01fe3d532,/home/b/tmp/ast-fuzz/experiment-data,exp-2022-04-22-00-58-08,aflplusplus_ast_o3,libpng-1.2.56,2022-04-21 23:08:41.108567,2022-04-22 03:18:43.912757,85,11700,2064,,,0
160,23b47148183fae6cbfcdf65c698dffe01fe3d532,/home/b/tmp/ast-fuzz/experiment-data,exp-2022-04-22-00-58-08,aflplusplus_ast_o3,libpng-1.2.56,2022-04-21 23:08:41.108567,2022-04-22 03:18:43.912757,85,12600,2064,,,0
176,23b47148183fae6cbfcdf65c698dffe01fe3d532,/home/b/tmp/ast-fuzz/experiment-data,exp-2022-04-22-00-58-08,aflplusplus_ast_o3,libpng-1.2.56,2022-04-21 23:08:41.108567,2022-04-22 03:18:43.912757,85,13500,2064,,,0
181,23b47148183fae6cbfcdf65c698dffe01fe3d532,/home/b/tmp/ast-fuzz/experiment-data,exp-2022-04-22-00-58-08,aflplusplus_ast_o3,libpng-1.2.56,2022-04-21 23:08:41.108567,2022-04-22 03:18:43.912757,85,14400,2064,,,0
10,23b47148183fae6cbfcdf65c698dffe01fe3d532,/home/b/tmp/ast-fuzz/experiment-data,exp-2022-04-22-00-58-08,aflplusplus_ast_o3,libpng-1.2.56,2022-04-21 23:08:41.129736,2022-04-22 03:18:43.912757,86,900,2053,,,0
16,23b47148183fae6cbfcdf65c698dffe01fe3d532,/home/b/tmp/ast-fuzz/experiment-data,exp-2022-04-22-00-58-08,aflplusplus_ast_o3,libpng-1.2.56,2022-04-21 23:08:41.129736,2022-04-22 03:18:43.912757,86,1800,2053,,,0
29,23b47148183fae6cbfcdf65c698dffe01fe3d532,/home/b/tmp/ast-fuzz/experiment-data,exp-2022-04-22-00-58-08,aflplusplus_ast_o3,libpng-1.2.56,2022-04-21 23:08:41.129736,2022-04-22 03:18:43.912757,86,2700,2054,,,0
47,23b47148183fae6cbfcdf65c698dffe01fe3d532,/home/b/tmp/ast-fuzz/experiment-data,exp-2022-04-22-00-58-08,aflplusplus_ast_o3,libpng-1.2.56,2022-04-21 23:08:41.129736,2022-04-22 03:18:43.912757,86,3600,2054,,,0
57,23b47148183fae6cbfcdf65c698dffe01fe3d532,/home/b/tmp/ast-fuzz/experiment-data,exp-2022-04-22-00-58-08,aflplusplus_ast_o3,libpng-1.2.56,2022-04-21 23:08:41.129736,2022-04-22 03:18:43.912757,86,4500,2055,,,0
67,23b47148183fae6cbfcdf65c698dffe01fe3d532,/home/b/tmp/ast-fuzz/experiment-data,exp-2022-04-22-00-58-08,aflplusplus_ast_o3,libpng-1.2.56,2022-04-21 23:08:41.129736,2022-04-22 03:18:43.912757,86,5400,2055,,,0
83,23b47148183fae6cbfcdf65c698dffe01fe3d532,/home/b/tmp/ast-fuzz/experiment-data,exp-2022-04-22-00-58-08,aflplusplus_ast_o3,libpng-1.2.56,2022-04-21 23:08:41.129736,2022-04-22 03:18:43.912757,86,6300,2055,,,0
90,23b47148183fae6cbfcdf65c698dffe01fe3d532,/home/b/tmp/ast-fuzz/experiment-data,exp-2022-04-22-00-58-08,aflplusplus_ast_o3,libpng-1.2.56,2022-04-21 23:08:41.129736,2022-04-22 03:18:43.912757,86,7200,2056,,,0
98,23b47148183fae6cbfcdf65c698dffe01fe3d532,/home/b/tmp/ast-fuzz/experiment-data,exp-2022-04-22-00-58-08,aflplusplus_ast_o3,libpng-1.2.56,2022-04-21 23:08:41.129736,2022-04-22 03:18:43.912757,86,8100,2056,,,0
113,23b47148183fae6cbfcdf65c698dffe01fe3d532,/home/b/tmp/ast-fuzz/experiment-data,exp-2022-04-22-00-58-08,aflplusplus_ast_o3,libpng-1.2.56,2022-04-21 23:08:41.129736,2022-04-22 03:18:43.912757,86,9000,2056,,,0
131,23b47148183fae6cbfcdf65c698dffe01fe3d532,/home/b/tmp/ast-fuzz/experiment-data,exp-2022-04-22-00-58-08,aflplusplus_ast_o3,libpng-1.2.56,2022-04-21 23:08:41.129736,2022-04-22 03:18:43.912757,86,9900,2056,,,0
142,23b47148183fae6cbfcdf65c698dffe01fe3d532,/home/b/tmp/ast-fuzz/experiment-data,exp-2022-04-22-00-58-08,aflplusplus_ast_o3,libpng-1.2.56,2022-04-21 23:08:41.129736,2022-04-22 03:18:43.912757,86,10800,2056,,,0
148,23b47148183fae6cbfcdf65c698dffe01fe3d532,/home/b/tmp/ast-fuzz/experiment-data,exp-2022-04-22-00-58-08,aflplusplus_ast_o3,libpng-1.2.56,2022-04-21 23:08:41.129736,2022-04-22 03:18:43.912757,86,11700,2056,,,0
166,23b47148183fae6cbfcdf65c698dffe01fe3d532,/home/b/tmp/ast-fuzz/experiment-data,exp-2022-04-22-00-58-08,aflplusplus_ast_o3,libpng-1.2.56,2022-04-21 23:08:41.129736,2022-04-22 03:18:43.912757,86,12600,2056,,,0
169,23b47148183fae6cbfcdf65c698dffe01fe3d532,/home/b/tmp/ast-fuzz/experiment-data,exp-2022-04-22-00-58-08,aflplusplus_ast_o3,libpng-1.2.56,2022-04-21 23:08:41.129736,2022-04-22 03:18:43.912757,86,13500,2056,,,0
191,23b47148183fae6cbfcdf65c698dffe01fe3d532,/home/b/tmp/ast-fuzz/experiment-data,exp-2022-04-22-00-58-08,aflplusplus_ast_o3,libpng-1.2.56,2022-04-21 23:08:41.129736,2022-04-22 03:18:43.912757,86,14400,2056,,,0
6,23b47148183fae6cbfcdf65c698dffe01fe3d532,/home/b/tmp/ast-fuzz/experiment-data,exp-2022-04-22-00-58-08,aflplusplus_ast_o3,libpng-1.2.56,2022-04-21 23:08:41.145789,2022-04-22 03:18:43.912757,87,900,2052,,,0
22,23b47148183fae6cbfcdf65c698dffe01fe3d532,/home/b/tmp/ast-fuzz/experiment-data,exp-2022-04-22-00-58-08,aflplusplus_ast_o3,libpng-1.2.56,2022-04-21 23:08:41.145789,2022-04-22 03:18:43.912757,87,1800,2059,,,0
33,23b47148183fae6cbfcdf65c698dffe01fe3d532,/home/b/tmp/ast-fuzz/experiment-data,exp-2022-04-22-00-58-08,aflplusplus_ast_o3,libpng-1.2.56,2022-04-21 23:08:41.145789,2022-04-22 03:18:43.912757,87,2700,2062,,,0
43,23b47148183fae6cbfcdf65c698dffe01fe3d532,/home/b/tmp/ast-fuzz/experiment-data,exp-2022-04-22-00-58-08,aflplusplus_ast_o3,libpng-1.2.56,2022-04-21 23:08:41.145789,2022-04-22 03:18:43.912757,87,3600,2079,,,0
59,23b47148183fae6cbfcdf65c698dffe01fe3d532,/home/b/tmp/ast-fuzz/experiment-data,exp-2022-04-22-00-58-08,aflplusplus_ast_o3,libpng-1.2.56,2022-04-21 23:08:41.145789,2022-04-22 03:18:43.912757,87,4500,2079,,,0
62,23b47148183fae6cbfcdf65c698dffe01fe3d532,/home/b/tmp/ast-fuzz/experiment-data,exp-2022-04-22-00-58-08,aflplusplus_ast_o3,libpng-1.2.56,2022-04-21 23:08:41.145789,2022-04-22 03:18:43.912757,87,5400,2079,,,0
78,23b47148183fae6cbfcdf65c698dffe01fe3d532,/home/b/tmp/ast-fuzz/experiment-data,exp-2022-04-22-00-58-08,aflplusplus_ast_o3,libpng-1.2.56,2022-04-21 23:08:41.145789,2022-04-22 03:18:43.912757,87,6300,2080,,,0
88,23b47148183fae6cbfcdf65c698dffe01fe3d532,/home/b/tmp/ast-fuzz/experiment-data,exp-2022-04-22-00-58-08,aflplusplus_ast_o3,libpng-1.2.56,2022-04-21 23:08:41.145789,2022-04-22 03:18:43.912757,87,7200,2081,,,0
105,23b47148183fae6cbfcdf65c698dffe01fe3d532,/home/b/tmp/ast-fuzz/experiment-data,exp-2022-04-22-00-58-08,aflplusplus_ast_o3,libpng-1.2.56,2022-04-21 23:08:41.145789,2022-04-22 03:18:43.912757,87,8100,2081,,,0
118,23b47148183fae6cbfcdf65c698dffe01fe3d532,/home/b/tmp/ast-fuzz/experiment-data,exp-2022-04-22-00-58-08,aflplusplus_ast_o3,libpng-1.2.56,2022-04-21 23:08:41.145789,2022-04-22 03:18:43.912757,87,9000,2081,,,0
125,23b47148183fae6cbfcdf65c698dffe01fe3d532,/home/b/tmp/ast-fuzz/experiment-data,exp-2022-04-22-00-58-08,aflplusplus_ast_o3,libpng-1.2.56,2022-04-21 23:08:41.145789,2022-04-22 03:18:43.912757,87,9900,2081,,,0
134,23b47148183fae6cbfcdf65c698dffe01fe3d532,/home/b/tmp/ast-fuzz/experiment-data,exp-2022-04-22-00-58-08,aflplusplus_ast_o3,libpng-1.2.56,2022-04-21 23:08:41.145789,2022-04-22 03:18:43.912757,87,10800,2081,,,0
153,23b47148183fae6cbfcdf65c698dffe01fe3d532,/home/b/tmp/ast-fuzz/experiment-data,exp-2022-04-22-00-58-08,aflplusplus_ast_o3,libpng-1.2.56,2022-04-21 23:08:41.145789,2022-04-22 03:18:43.912757,87,11700,2081,,,0
156,23b47148183fae6cbfcdf65c698dffe01fe3d532,/home/b/tmp/ast-fuzz/experiment-data,exp-2022-04-22-00-58-08,aflplusplus_ast_o3,libpng-1.2.56,2022-04-21 23:08:41.145789,2022-04-22 03:18:43.912757,87,12600,2081,,,0
177,23b47148183fae6cbfcdf65c698dffe01fe3d532,/home/b/tmp/ast-fuzz/experiment-data,exp-2022-04-22-00-58-08,aflplusplus_ast_o3,libpng-1.2.56,2022-04-21 23:08:41.145789,2022-04-22 03:18:43.912757,87,13500,2081,,,0
187,23b47148183fae6cbfcdf65c698dffe01fe3d532,/home/b/tmp/ast-fuzz/experiment-data,exp-2022-04-22-00-58-08,aflplusplus_ast_o3,libpng-1.2.56,2022-04-21 23:08:41.145789,2022-04-22 03:18:43.912757,87,14400,2081,,,0
